Type,ID,Name,C1,Expiry,Event,Locked
"EAN13","4531632457505","618729 Za美白防曬霜-亮透白","日用品","","","False"
"EAN13","4531632457529","619236 Za美白隔離霜-透亮紫","日用品","","","False"
"EAN13","4710015123125","365293 @星巴克咖啡捲心酥禮盒","禮盒🎁","","","False"
"EAN13","4710174114750","468042 盛香珍每日堅果禮盒","禮盒🎁","","","False"
"EAN13","4710304102022","698532 @喜年來馬年朝隈俊男公仔蛋捲禮盒","禮盒🎁","","","False"
"EAN13","4710363189699","561562 魔術靈浴室清潔劑噴槍檸檬500ml","用品-清潔🧽","","","False"
"EAN13","4710363977258","557030 蜜妮深層卸妝油230ml","未分類","","","False"
"EAN13","4710594928166","668553 維大力X史努比疊疊杯果茶禮盒","禮盒🎁","","","False"
"EAN13","4711046323553","970375 台塑家用新冠抗原快速試劑單入","未分類","","","False"
"EAN13","4711061490803","714512（W店）巧米多甜不辣脆片-香菜風味","未分類","","","False"
"EAN13","4711342490416","699935（實）燒番麥炳叔烤玉米棒","未分類","","","False"
"EAN13","4711476006231","491769 歐典黑糖仙草雙耳飲","未分類","","","False"
"EAN13","4713469430634","353567 Duskin魔術抹布1入","未分類","","","False"
"EAN13","4718201571439","545328（W實）自然補給 冰糖海燕窩1瓶","未分類","","","False"
"EAN13","4718201579251","665995（W店）自然補給仙草海燕窩1瓶","未分類","","","False"
"EAN13","4719858308256","405030（區）老祖宗-仙草茶（無糖）","未分類","","","False"
"EAN13","4719858309437","405040（區）老祖宗-冬瓜仙草茶","未分類","","","False"
"EAN13","4901777394025","604024 三得利-196無糖-雙重檸檬","未分類","","","False"
"EAN13","4942568230191","995721 日本NIJIYA和歌山梅子調酒","未分類","","","False"
"EAN13","4943202150134","699277@日本YOKUMOKU牛奶捲心餅禮盒","未分類","","","False"
"EAN13","4985011711946","599695 日本7PREMIUM葡萄風味沙瓦","未分類","","","False"
"EAN13","4987241156931","527725 曼秀雷敦AD高效抗乾修復乳液","未分類","","","False"
"EAN13","6928820030844","615185 萊雅金緻護髮精油玫瑰精華 30ml","未分類","","","False"
"EAN13","8809613592559","444552 韓國真果實檸檬highball調酒","未分類","","","False"
"EAN13","8936144250013","524061（區-箱）微渴 100%椰子1000ml","未分類","","","False"
"EAN13","3450601047077","632289 法國綠色樹洗碗精 500ml","未分類","","327五六日","False"
"EAN13","3481291017422","601227 法國Mathez經典松露造型可可球","未分類","","","False"
"EAN13","3481291017460","601161 法國Mathez爆米花風味松露可可球","未分類","","","False"
"EAN13","4104610007407","301560 德國百靈油5ml","未分類","","","False"
"EAN13","4535304718901","360351 Johns Blend室內香氛膏白麝香","未分類","","327五六日","False"
"EAN13","4535304718918","359324 Johns Blend香氛膏麝香茉莉","未分類","","327五六日","False"
"EAN13","4560376172382","787813 日本7PREMIUM 蜜糖地瓜","未分類","","","False"
"EAN13","4560412012771","659544 NIJIYA黑糖珍珠撞奶雪派","冰品🍦","","","False"
"EAN13","4560412012948","807824 NIJIYA巧克力雪派","冰品🍦","","","False"
"EAN13","4560412014805","306399 日本NIJIYA聖代-海鹽焦糖堅果","冰品🍦","","","False"
"EAN13","4560412014812","306103 日本NIJIYA聖代-藍莓起司蛋糕","冰品🍦","","","False"
"EAN13","4560412014973","389881 日本NUJIYA海鹽太妃糖雪派","冰品🍦","","","False"
"EAN13","4571157254579","540538 日本 ORIHIRO 蒟蒻凍麝香葡萄","未分類","","","False"
"EAN13","4710011402019","545167 桂冠芝麻湯圓","未分類","","","False"
"EAN13","4710011402026","613097 桂冠花生湯圓","未分類","","","False"
"EAN13","4710011402033","372627 桂冠鮮肉湯圓","未分類","","","False"
"EAN13","4710011402859","492330 桂冠焦糖布丁湯圓","未分類","","","False"
"EAN13","4710011402873","492333 桂冠紫糯米芋泥湯圓","未分類","","","False"
"EAN13","4710011402880","532236 桂冠阿華田包餡小湯圓","未分類","","","False"
"EAN13","4710015101284","176415 乖乖五香大","未分類","","","False"
"EAN13","4710015101291","172369 乖乖椰子大","未分類","","","False"
"EAN13","4710018175701","381441 舒味思氣泡水 PET500","未分類","","","False"
"EAN13","4710018175909","523184 舒味思萊姆口味氣泡水PET500","未分類","","","False"
"EAN13","4710018176104","384683 可口可樂 PET 435ml","未分類","","","False"
"EAN13","4710018185106","553857 可口可樂纖維+PET600","未分類","","","False"
"EAN13","4710018343407","305663 雪碧無糖汽水PET600","未分類","","20260401_春遊","False"
"EAN13","4710022040538","621310 卡迪那洋芋片牛排口味35元","未分類","","","False"
"EAN13","4710022061847","592203 卡迪那小德薯濃厚茄汁口味","未分類","","","False"
"EAN13","4710022061892","592206 卡迪那小德薯湖鹽海苔口味","未分類","","","False"
"EAN13","4710022062486","621320 卡迪那波浪洋芋片香辣口味35元","未分類","","","False"
"EAN13","4710022063728","333602 可樂果 Mini原味","未分類","","","False"
"EAN13","4710022063773","333685 可樂果 Mini檸檬辣雞翅口味","未分類","","","False"
"EAN13","4710032704079","369860 李施德霖綠茶防蛀漱口水 250ml","未分類","","","False"
"EAN13","4710035350082","696898 威德in-纖維","精補品💊","","","False"
"EAN13","4710035368056","316165 威德-in維他命","精補品💊","","","False"
"EAN13","4710035368063","316152 威德-in能量","精補品💊","","","False"
"EAN13","4710035368087","389732 威德-in膠原蛋白","精補品💊","","","False"
"EAN13","4710035368100","413509 威德-in綜合礦物質","精補品💊","","","False"
"EAN13","4710036402063","950681 好奇迪士尼純水濕巾加厚70抽","未分類","","","False"
"EAN13","4710036611977","834037 靠得住晩安好眠褲均碼2入","未分類","","","False"
"EAN13","4710043018172","369093 桂格原味水解雞精","精補品💊","","","False"
"EAN13","4710043023572","213194 桂格即食大燕麥片330g（罐）","未分類","","","False"
"EAN13","4710043036688","372385 完膳營養素","未分類","","","False"
"EAN13","4710043041460","621752 桂格5X人蔘濃縮精華飲","未分類","","","False"
"EAN13","4710043041903","658667 天地合補金盞花葉黃素濃縮飲","未分類","","","False"
"EAN13","4710043044157","342639 天地合補EXX葡萄糖胺濃縮飲","未分類","","","False"
"EAN13","4710043046434","366222 桂格5X B群人蔘精華飲","未分類","","","False"
"EAN13","4710043047958","606335 桂格蟲草人蔘","未分類","","","False"
"EAN13","4710043048612","528605 天地合補金盞花葉黃素凍2入","未分類","","","False"
"EAN13","4710043049558","346440 桂格補氣養蔘蜂蜜飲450ML","未分類","","","False"
"EAN13","4710043049572","346464 桂格美顏膠原莓果飲450ML","未分類","","","False"
"EAN13","4710054144167","303265 蘇菲超熟睡棉柔厚型28cm16片","未分類","","","False"
"EAN13","4710054144525","783071 蘇菲超熟睡草本抑菌棉柔35cm 7片","未分類","","","False"
"EAN13","4710054150175","056700 蘇菲彈力貼身日薄翼23cm12片","未分類","","","False"
"EAN13","4710054151127","385246 蘇菲彈力貼身夜薄翼28cm10片","未分類","","","False"
"EAN13","4710085240852","582028 金車漢寶蚵仔味細麵","未分類","","","False"
"EAN13","4710085240876","582000 金車漢寶黑胡椒牛肉風味麵","未分類","","","False"
"EAN13","4710088063212","678368 瑞穗鮮乳雪糕","未分類","","327五六日","False"
"EAN13","4710088063267","977064 瑞穗鮮乳紅豆雪糕","未分類","","327五六日","False"
"EAN13","4710088063274","303905 原味本舖-紅豆牛奶冰棒","未分類","","","False"
"EAN13","4710088063281","567084 統一布丁牛奶雪糕","未分類","","","False"
"EAN13","4710088425324","705958 統一H20純水PET1500","未分類","","","False"
"EAN13","4710088448736","712207 博客原味大熱狗","未分類","","","False"
"EAN13","4710088449184","310410 滿漢小香腸椒麻","未分類","","","False"
"EAN13","4710088449290","437545 滿漢蒜味烤香腸","未分類","","","False"
"EAN13","4710088472403","752083 原味本舖養身杏仁茶CAN240","未分類","","","False"
"EAN13","4710088620996","532212 統一清爽家芥花油","未分類","","","False"
"EAN13","4710088622594","797016 統一綺麗健康油652ml","未分類","","","False"
"EAN13","4710088824516","366210 伴點巧克力牛奶TP300","未分類","","","False"
"EAN13","4710088831262","360099 統一巷口乾麵炸醬風味單包","未分類","","","False"
"EAN13","4710088831279","988858 統一巷口乾麵麻醬風味包","未分類","","","False"
"EAN13","4710088831422","544247 拉麵道日式豚骨風味","未分類","","","False"
"EAN13","4710088831439","544098 拉麵道日式味噌風味","未分類","","","False"
"EAN13","4710088832139","884198 科學麵香辣風味袋","未分類","","","False"
"EAN13","4710088832283","365858 統一麵小畤光麵館花椒擔擔湯麵","未分類","","","False"
"EAN13","4710088832290","365860 統一麵小時光麵館青蔬椒麻乾麵","未分類","","","False"
"EAN13","4710088832351","404368 來一客紅酒燉牛肉","未分類","","","False"
"EAN13","4710088832368","479520 來一客上湯獅子頭","未分類","","","False"
"EAN13","4710088886606","361375 iselect 麥茶 PET550ml","未分類","","","False"
"EAN13","4710088886620","361392 iselect 梅子風味綠茶 PET550ml","未分類","","","False"
"EAN13","4710094054648","548759 麗仕沐浴乳媚惑幽香 400ml-紫","未分類","","","False"
"EAN13","4710094109676","386453 立頓萃香奶綠535ml","未分類","","","False"
"EAN13","4710094127915","565783 立頓醇奶茶歐蕾PET425","未分類","","","False"
"EAN13","4710094129841","323142 白蘭小蒼蘭洗衣精補充包 1.6kg","未分類","","","False"
"EAN13","4710094130724","344273 白蘭香氛洗衣球-質感小蒼蘭 6顆","未分類","","","False"
"EAN13","4710094131547","480350 熊寶貝護衣芳香豆藍風鈴 300ml","未分類","","","False"
"EAN13","4710094132551","480341 白蘭酵素洗衣球除蹣5入","未分類","","","False"
"EAN13","4710094133114","559652 白蘭香氛洗衣球-橙淨玫瑰6顆","未分類","","","False"
"EAN13","4710094135873","338843 白蘭香氛洗衣球-純淨白麝香6顆","未分類","","","False"
"EAN13","4710098905083","589010 歐維氏 85%醇黑巧克力","未分類","","","False"
"EAN13","4710104027099","410203 舒敏厚棒抽取衛生紙（包）60抽","未分類","","","False"
"EAN13","4710104027716","368368 （1袋)舒敏厚棒袖珍面紙20入","未分類","","","False"
"EAN13","4710105094359","400813 蠟筆小新可可奶茶TP200","未分類","","","False"
"EAN13","4710105094458","526992 布丁狗布丁風味牛乳TP200","未分類","","","False"
"EAN13","4710105094465","526814 櫻桃小丸子青蘋果牛乳TP200","未分類","","","False"
"EAN13","4710110223560","141110 多喝水鹼性竹炭水PET700","未分類","","","False"
"EAN13","4710110232418","385537 多喝水微鹼性竹炭離子水PET850","未分類","","","False"
"EAN13","4710110236980","929380 味味一品麻辣臭豆腐麵","未分類","","","False"
"EAN13","4710110237710","467908 雙響泡沙茶鍋燒湯麵","未分類","","","False"
"EAN13","4710110237871","530009 味味A紅燒牛肉湯麵","未分類","","","False"
"EAN13","4710110237895","529060 味味A香辣海鮮湯麵","未分類","","","False"
"EAN13","4710110238274","575176 随緣紅燒嫩菇湯麵","未分類","","","False"
"EAN13","4710110238298","428357 隨緣沙茶豆腐湯麵","未分類","","","False"
"EAN13","4710110238311","575161 雙響泡府城擔仔湯麵","未分類","","","False"
"EAN13","4710110238403","354510 多喝水STAYCOOL礦物強氣泡PET560","未分類","","","False"
"EAN13","4710110805476","576889 Mountain Dew激浪汽水PET500","未分類","","","False"
"EAN13","4710110812252","380640 味丹心茶道冬瓜茶 PET560","未分類","","","False"
"EAN13","4710114814795","562446 舒潔優質抽取衛生紙90抽","未分類","","","False"
"EAN13","4710114817604","400142 舒潔雲絨舒適抽取式衛生紙90抽","未分類","","","False"
"EAN13","4710114818342","537558 舒潔女性專用濕式衛生紙14 抽","未分類","","","False"
"EAN13","4710114841043","348749 舒潔濕式面紙10抽","未分類","","","False"
"EAN13","4710114841999","351140 舒潔舒涼冰巾18抽","未分類","","","False"
"EAN13","4710126021396","410823 義美牛奶小泡芙（盒裝）","未分類","","","False"
"EAN13","4710126021402","410836 義美巧克力小泡芙(盒装）","未分類","","","False"
"EAN13","4710126025837","590701 義美小泡芙(草莓)57g","未分類","","","False"
"EAN13","4710126088597","365290 （雙）義美青醬蛤蜊義大利麵","未分類","","","False"
"EAN13","4710126604216","671465 義美鮭魚炒飯","未分類","","","False"
"EAN13","4710126604223","671311 義美蝦仁炒飯","未分類","","","False"
"EAN13","4710126610118","639067 （選）義美紅藜蔬食炒飯","未分類","","","False"
"EAN13","4710139940394","343511 巴特里爆漿奶油餐包2入","未分類","","","False"
"EAN13","4710139940400","343512 巴特里港式流心菠蘿包","未分類","","","False"
"EAN13","4710143021188","365757 Niseko 北海道牛奶巧酥雪糕","未分類","","","False"
"EAN13","4710143930527","576109 百吉棒棒冰-蘇打","未分類","","","False"
"EAN13","4710143950433","384313 百吉棒棒冰-乳酸","未分類","","","False"
"EAN13","4710144915950","538061 浪味仙-田園蔬菜口味","未分類","","","False"
"EAN13","4710154014643","526862 黑松茶尋味臺灣春茶PET590","未分類","","","False"
"EAN13","4710168709818","634911 DARLIE好來全亮白清新薄荷牙膏","未分類","","","False"
"EAN13","4710174120607","336115 Energy Time機能凍飲_活力充沛","未分類","","","False"
"EAN13","4710174120614","335444 Energy Time機能凍飲_晶亮有神","未分類","","","False"
"EAN13","4710174120621","336127 Energy Time 益生菌（乳酸）","未分類","","","False"
"EAN13","4710174122069","540739 盛香珍零卡蒟蒻VitC＋鐵（荔枝）","未分類","","","False"
"EAN13","4710174122083","540730 盛香珍零卡蒟蒻VitC＋鐵（葡萄）","未分類","","","False"
"EAN13","4710209729164","303681 PowerBOMB爆能能量飲料Can225","未分類","","","False"
"EAN13","4710209996016","717049 葡萄王靈芝王精華飲60ml","未分類","","","False"
"EAN13","4710209996658","540815 葡萄王人蔘王養身飲60ml","未分類","","","False"
"EAN13","4710209997112","354500 康貝特200P EX能量飲料CAN225","未分類","","","False"
"EAN13","4710250210017","967827 杜老爺曠世奇派草莓大雪糕","未分類","","","False"
"EAN13","4710250210079","432411 曠世奇派玫瑰鹽焦糖","未分類","","327五六日","False"
"EAN13","4710250210215","803801 杜老爺玉井情人果大脆冰棒","未分類","","","False"
"EAN13","4710250480311","034883 杜老爺雙倍巧克力甜筒","未分類","","327五六日","False"
"EAN13","4710250480434","500620 杜老爺超級曠世奇派酒釀黑櫻桃","未分類","","20260401_春遊","False"
"EAN13","4710314430009","537987 雷達噴霧殺蚊蟲劑—柑橘精油 500ml","未分類","","","False"
"EAN13","4710339007378","448089 福樂Q果蜂蜜柚香優酪135G","未分類","","","False"
"EAN13","4710345543006","853971 注喵-點心罐 80g-雞絲","未分類","","","False"
"EAN13","4710345543037","853241 汪哺-點心罐80g-鮪魚＋綠貽貝","未分類","","","False"
"EAN13","4710363082624","566321 花王洗髮精清新沁涼 750ml","未分類","","","False"
"EAN13","4710363523714","440492 一匙靈制菌洗衣粉盒裝1.9KG","未分類","","","False"
"EAN13","4710367313366","910152 3M細滑牙線棒盒裝150支入","未分類","","","False"
"EAN13","4710421075834","526578 舒跑Energy能量飲料CAN250","未分類","","","False"
"EAN13","4710543113018","411715 樂事九州岩燒海苔口味洋芋片","未分類","","","False"
"EAN13","4710543113049","411706 樂事美國經典原味洋芋片","未分類","","","False"
"EAN13","4710543113100","411719 樂事瑞士香濃起司口味洋芋片","未分類","","","False"
"EAN13","4710587184968","321750 紅牌速纖纖維飲料TP330","未分類","","410五六日","False"
"EAN13","4710632007631","363366 悅氏Light鹼性水PET720","未分類","","","False"
"EAN13","4710699501011","396791 手摘果物小紅莓","未分類","","410五六日","False"
"EAN13","4710699501028","396852 手摘果物無籽梅肉","未分類","","410五六日","False"
"EAN13","4710699501035","396815 手摘果物甘草芭樂乾","未分類","","410五六日","False"
"EAN13","4710699501066","769022 手摘果物芒果青","未分類","","410五六日","False"
"EAN13","4710699501073","965300 手摘果物日式梅片","未分類","","410五六日","False"
"EAN13","4710716336381","375013 Airwaves酷涼FUN塊-冰爽薄荷","未分類","","","False"
"EAN13","4710716336466","374995 Airwaves酷涼FUN塊-冰爽檸檬","未分類","","","False"
"EAN13","4710716337128","820329 EXTRA潔淨無糖口香糖薄荷","未分類","","","False"
"EAN13","4710716337227","726742 Extra無糖口香糖香濃密瓜","未分類","","","False"
"EAN13","4710716337913","417011 Extra潔淨無糖口番糖清檸薄荷","未分類","","","False"
"EAN13","4710777115345","395873 白蘭氏葉黃素精華飲","未分類","","","False"
"EAN13","4710777401011","169198 白蘭氏學進雞精70g","未分類","","","False"
"EAN13","4710777776669","309467 白蘭氏養蔘飲","未分類","","","False"
"EAN13","4710777779905","996395 白蘭氏赤靈芝子實體精華飲60ml","未分類","","","False"
"EAN13","4710777888997","328762 白蘭氏旭沛人蔘蜆精60ml","未分類","","","False"
"EAN13","4710777953794","769528 白蘭氏葉黃素凍","未分類","","","False"
"EAN13","4710782176522","396266 西雅圖極品大濾掛咖啡（極品）","未分類","","","False"
"EAN13","4710782176546","396260 西雅圖極品大濾掛咖啡（藍山）","未分類","","","False"
"EAN13","4710782176683","521593 西雅圖曼特寧極品大濾掛咖啡","未分類","","","False"
"EAN13","4710782177512","379233 西雅圖雙倍濃縮無加糖2+1（盒）","未分類","","","False"
"EAN13","4710782178502","396115 西雅圖雙倍濃縮3+1（盒）","未分類","","","False"
"EAN13","4710784964165","383359 ICE比菲多原味","未分類","","","False"
"EAN13","4710784968309","526596 棒棒優希臘式優格雪糕-原味燕麥","未分類","","","False"
"EAN13","4710784968323","526685 棒棒優希臘式優格雪糕-草莓","未分類","","","False"
"EAN13","4710981565011","376674 喜生照燒牛肉三角飯糰","未分類","","","False"
"EAN13","4710981565028","382335 喜生冠軍飯糰（年輪飯糰）","未分類","","","False"
"EAN13","4711046113185","581912 BioLead小蘇打洗衣粉補充包1.4kg","未分類","","","False"
"EAN13","4711946901349","308023 爭鮮黃金甜玉米粒","未分類","","","False"
"EAN13","4712572330091","339667 呷七碗台式炒麵","未分類","","","False"
"EAN13","4712876829932","539409 最乾淨毛巾2入","未分類","","","False"
"EAN13","4712927550686","575045 老協珍熬雞精一入","未分類","","","False"
"EAN13","4712927551102","533251 老協珍人蔘精","未分類","","","False"
"EAN13","4712927551874","548298 TOMMI湯米-鮭魚起司米漢堡","未分類","","","False"
"EAN13","4712927551881","548548 TOMMI湯米-壽喜燒牛肉米漢堡","未分類","","","False"
"EAN13","4712927553076","828238 老協珍熬雞精一入—暖薑","未分類","","","False"
"EAN13","4712927553984","854311 TOMMI湯米-韓式燒肉米漢堡","未分類","","","False"
"EAN13","4712927554370","995623 TOMMI湯米-麻油杏鮑菇米漢堡","未分類","","","False"
"EAN13","4712927554752","989496 老協珍美顏飲 65ml","未分類","","","False"
"EAN13","4713145009321","605353 (熱)蠟筆小新蜂蜜風味牛乳CAN240","未分類","","","False"
"EAN13","4713145009345","595804 (熱)蠟筆小新焦糖風味牛乳CAN240","未分類","","","False"
"EAN13","4713145009437","592202 栗庵甘栗仁","未分類","","","False"
"EAN13","4713213502976","346087 芊柔 xSNOOPY 純水濕巾80抽-春遊","未分類","","","False"
"EAN13","4713410990583","712190 我的心機超能安瓶保濕面膜4入","未分類","","","False"
"EAN13","4713410991580","338556 我的心機香氛涼感防曬噴霧SPF50 90ml","未分類","","","False"
"EAN13","4713410991597","338796 我的心機精油香氛防喔噴霧SPF50 90ml","未分類","","","False"
"EAN13","4713410993041","329483 我的心機超能安瓶透白面膜4入","未分類","","","False"
"EAN13","4713410993065","328752 我的心機超能安瓶水潤面膜4入","未分類","","","False"
"EAN13","4713410994253","609926 我的心機 極輕柔細緻洗臉巾100抽","未分類","","","False"
"EAN13","4713469432645","909314 DUSKIN餐具洗潔精300ML","未分類","","327五六日","False"
"EAN13","4713575085278","354312 自白肌玻尿酸防曬乳SPF50","未分類","","","False"
"EAN13","4713575101343","391374 美麗日記保濕能亮黑珍珠面膜6入","未分類","","","False"
"EAN13","4713575101367","395664 美麗日記修護能亮黑珍珠面膜6入","未分類","","","False"
"EAN13","4713575126537","579940 UNIDESIGN新柔感抽衛","未分類","","","False"
"EAN13","4713575127848","635097 美麗日記蜜若藍超能補水面膜2入","未分類","","","False"
"EAN13","4713575130206","813998 利捷維有酵金盞花葉黃素精華飲","未分類","","","False"
"EAN13","4713575133962","535459 自白肌玻尿酸涼感防曬噴霧90ml","未分類","","","False"
"EAN13","4713869002332","526024 babydream海洋深層水濕巾70抽3入","未分類","","","False"
"EAN13","4713869002431","584972 寶可夢沙灘海洋深層水厚濕巾80抽","未分類","","","False"
"EAN13","4713869002448","585099 寶可夢集合海洋深層水厚濕巾80抽","未分類","","","False"
"EAN13","4714108909009","356685 今川農場蜂蜜黑木耳露","未分類","","","False"
"EAN13","4716872044986","338562 我的心機亮白保濕防曬噴霧SPF50 90ml","未分類","","","False"
"EAN13","4717431100334","402738 Panasonic鹼性3號10入","未分類","","","False"
"EAN13","4717431100341","402741 Panasonic鹼性4號10入","未分類","","","False"
"EAN13","4718008517777","934630 儂儂棉襪5入組","未分類","","","False"
"EAN13","4718008519450","523823 儂儂3入中筒棉襪","未分類","","","False"
"EAN13","4718201213148","308815 EXTRA無糖口香糖香甜葡萄口味","未分類","","","False"
"EAN13","4718201217115","391407 Extra潔淨無糖口番糖青蘋萊姆","未分類","","","False"
"EAN13","4891259324124","177306 金頂鹼性3號電池4+2","未分類","","","False"
"EAN13","4891259524128","173315 金頂鹼性 4 號電池 4+2入","未分類","","","False"
"EAN13","4893565200918","386267 SHEBA金罐鮮湯鮪魚片","未分類","","","False"
"EAN13","4893565200925","385997 SHEBA金罐鮪魚及蟹肉","未分類","","","False"
"EAN13","4897878870011","536502 日清一風堂豚骨湯味白丸速食麵","未分類","","","False"
"EAN13","4897878870028","536504 日清一風堂辣豚骨湯味赤丸速食麵","未分類","","","False"
"EAN13","4901133716584","434542 CIAO啾嚕肉泥（鰹魚）","未分類","","","False"
"EAN13","4901133718298","434517 CIAO啾嚕肉泥-化毛配方（鮪魚）","未分類","","","False"
"EAN13","4901170000905","355112 嘎哩嘎哩君剉冰棒-蘇打","未分類","","","False"
"EAN13","4901170002282","616220 嘎哩嘎哩君剉冰棒-巨峰葡萄味","未分類","","","False"
"EAN13","4901170002602","509999 嘎哩嘠哩君剉冰棒-漂浮可樂風味","未分類","","","False"
"EAN13","4901170020958","510020 大人系嘎哩君剉冰棒-蘋果風味","未分類","","","False"
"EAN13","4901201150609","569387 UCC赤濃醇黑咖啡CAN185","未分類","","","False"
"EAN13","4901201208096","439352 UCC無糖咖啡CAN185g","未分類","","","False"
"EAN13","4901301419057","598159 Attack一匙靈極效洗衣霸 24入","未分類","","","False"
"EAN13","4901360291229","307642 Bourbon FET葡萄軟糖","未分類","","","False"
"EAN13","4901360314218","553030 日本7PREMIUM巧克力夾心奶油餅乾","未分類","","","False"
"EAN13","4901360314225","552476 日本7PREMIUM白巧克力奶油餅乾","未分類","","","False"
"EAN13","4901360351497","547982 Bourbon一口巧克力夾心餅乾","未分類","","","False"
"EAN13","4901360353958","591924 Bourbon Choco巧克力布朗尼棒","未分類","","410五六日","False"
"EAN13","4901360353965","591860 Bourbon Choco牛奶巧布朗尼棒","未分類","","","False"
"EAN13","4901360803507","838611 Bourbon FET可樂口味軟糖","未分類","","","False"
"EAN13","4901411034386","361885 KIRIN午後紅茶-原味紅茶PET500","未分類","","","False"
"EAN13","4901411034447","361943 KIRIN午後紅茶-檸檬紅茶PET500","未分類","","","False"
"EAN13","4901592929211","542281 義大利皮米堤沃紅葡萄酒","未分類","","","False"
"EAN13","4901592929228","542273 西班牙慕維德爾紅葡萄酒","未分類","","","False"
"EAN13","4902397846413","708333 西莎®點心 低脂雞胸培根切片口味","未分類","","","False"
"EAN13","4902704881052","116776 國際牌3號電池4入","未分類","","","False"
"EAN13","4902750404137","422625 味覺糖OPEN小將綜合水果條糖","未分類","","","False"
"EAN13","4902750414952","657215 味覺糖OPEN小將黑糖珍奶條糖","未分類","","","False"
"EAN13","4902750416697","556967 味覺糖OPEN小將福岡草莓口味條糖","未分類","","","False"
"EAN13","4902750448940","594198 味覺糖OPEN小將西瓜汽水條糖","未分類","","","False"
"EAN13","4902775054935","373927 星太郎超寬條餅-雞汁口味","未分類","","","False"
"EAN13","4902777025902","905118 明治牛奶巧克力（條裝）","未分類","","","False"
"EAN13","4902777026084","905105 明治黑可可製品條裝","未分類","","","False"
"EAN13","4902888334115","474618 森永牛奶糖雪派","未分類","","327五六日","False"
"EAN13","4902888973659","457766 森永抹茶牛奶糖雪派","未分類","","327五六日","False"
"EAN13","4903032241181","400328 雷神巧克力餅乾","未分類","","","False"
"EAN13","4903032242362","400328 大雷神巧克力餅乾","未分類","","","False"
"EAN13","4903032242393","381389 雷神巧克力餅乾香醇奶油","未分類","","","False"
"EAN13","4903032242409","345024 黑雷神牛奶巧克力餅乾","未分類","","","False"
"EAN13","4903032242690","574119 日本黑雷神馥郁巧克力蛋糕餅乾","未分類","","","False"
"EAN13","4904680966563","916903 日本7PREMIUM 油炸茄子佐和風高湯","未分類","","","False"
"EAN13","4909411096472","510415 KIRIN午後紅茶-熱紅茶PET400","未分類","","","False"
"EAN13","4909411096519","510433 KIRIN午後紅茶-熱檸檬紅茶PET400","未分類","","","False"
"EAN13","4955129012747","311072 日本Tarami蒟蒻凍飲-水蜜桃風味","未分類","","","False"
"EAN13","4955129012754","310854 日本Tarami蒟蒻凍飲-葡萄風味","未分類","","","False"
"EAN13","4955129012761","312480 日本Tarami蒟蒻凍飲-蘋果風味","未分類","","","False"
"EAN13","4969244508252","366722 泰國PunBun奶油吐司餅乾隨手包","未分類","","","False"
"EAN13","4969244508276","366738 泰國PunBun大蒜吐司餅乾隨事包","未分類","","","False"
"EAN13","4971710491814","828924 雪肌粹完美BB霜01（明亮肌）","未分類","","","False"
"EAN13","4971710491821","828928 雪肌粹完美BB霜02（自然肌）","未分類","","","False"
"EAN13","4973480422708","568960 7PREMIUM優勝美地氣泡葡萄酒","未分類","","","False"
"EAN13","4973480422715","568950 7PREMIUM 優勝美地氣泡粉紅酒","未分類","","","False"
"EAN13","4976994150839","530574 哈根達斯濃旨焦糖雪酥","未分類","","","False"
"EAN13","4976994150976","567107 哈根達斯日式黃豆粉奶霜蛋糕雪酥","未分類","","","False"
"EAN13","4976994150983","606816 哈根達斯榛果拿鐵雪酥","未分類","","","False"
"EAN13","4976994151010","610663 哈根達斯覆盆子香草巴菲雪酥","未分類","","","False"
"EAN13","4984824045965","185886 國際牌4號電池4入","未分類","","","False"
"EAN13","4987036486717","369581 近江唇釉酷露露草莓風味(皇家紅)","未分類","","","False"
"EAN13","4987036486724","369573 近江唇釉酷露露蜜桃風味(皇家粉)","未分類","","","False"
"EAN13","4987036486731","369585 近江唇釉酷露露葡萄風味(酒紅","未分類","","","False"
"EAN13","4987176179234","395170 好自在液體材質衛生棉27cm10片","未分類","","","False"
"EAN13","5000394064652","173315 金頂鹼性4號電池4+2","未分類","","","False"
"EAN13","6294001812135","279583 德芙輕巧脆心巧克力","未分類","","","False"
"EAN13","6294001812265","279570 德芙絲滑牛奶巧克力","未分類","","","False"
"EAN13","6294003532987","609962 雀巢奇巧威化巧克力","未分類","","","False"
"EAN13","6294003582678","804676 雀巢奇巧酥脆威化巧克力","未分類","","","False"
"EAN13","6925425474424","759947 加倍佳壁虎造型-酸甜軟糖","未分類","","","False"
"EAN13","6942836720902","897410 好時巧酥可可風味金磚","未分類","","","False"
"EAN13","7610046600503","595770 瑞士Kagi 黑巧克力威化餅乾 50g","未分類","","","False"
"EAN13","7640163063318","568801 義大利ANYAH安尼亞植萃洗沐組","未分類","","","False"
"EAN13","8000500359358","510146 能多益餅乾","未分類","20260728","逼近品","False"
"EAN13","8059591191767","531547 義大利 Florinda 寵愛芍藥香氛皂","未分類","","","False"
"EAN13","8059591193624","531415 義大利 Florinda 薰衣草舒眠香氛皂","未分類","","","False"
"EAN13","8410644140208","554914 西班牙Cofama氣泡酒","未分類","","","False"
"EAN13","8410644140222","555126 西班牙Cofama粉紅氣泡酒","未分類","","","False"
"EAN13","8801043054768","806348 農心辛辣白菜風味拉麵袋","未分類","","327五六日","False"
"EAN13","8801043061674","945050 農心辛炒麵","未分類","","","False"
"EAN13","8801043150606","387500 農心辛拉麵（包）","未分類","","","False"
"EAN13","8801045033181","563186 韓國不倒翁頂級金炸醬拉麵","未分類","","","False"
"EAN13","8801045725512","539380 不倒翁蔥燒牛肉風味碗麵6入組","未分類","","","False"
"EAN13","8801382124849","353881 韓國熊津大麥飲","未分類","","","False"
"EAN13","8801382150329","537132 韓國熊津玉米鬚茶","未分類","","","False"
"EAN13","8801382150763","633850 韓國熊津青梅飲","未分類","","","False"
"EAN13","8801382702740","668715 韓國熊津米漿年糕冰","未分類","","","False"
"EAN13","8801382702757","668721 韓國熊津青梅脆脆冰","未分類","","","False"
"EAN13","8801382703181","862284 韓國Sweetory青梅軟糖","未分類","","410五六日","False"
"EAN13","8801382703266","862480 韓國熊津黑芝麻年糕冰淇淋","未分類","","","False"
"EAN13","8801382703495","838260 韓國熊津紅蔘飲","未分類","","20260401_春遊","False"
"EAN13","8801382703778","315995 韓國熊津不添加糖紅蔘飲","未分類","","20260401_春遊","False"
"EAN13","8801725002032","358742 韓國SJ史努比香蕉可可威化酥","未分類","","","False"
"EAN13","8802534052508","622787 韓國Sweetory 杏仁可可球","未分類","","","False"
"EAN13","8802534880460","674788 韓國Sweetory彩虹口香糖","未分類","","20260401_春遊","False"
"EAN13","8802534888886","735501 韓國Sweetory葡萄QQ可可球","未分類","","","False"
"EAN13","8802534888893","776527 韓國Sweetory蜂蜜奶油風味杏仁果","未分類","","","False"
"EAN13","8802534888909","776530 韓國Sweetory海苔杏仁果","未分類","","","False"
"EAN13","8802534889005","914964 韓國Sweetory優格QQ白可可球","未分類","","","False"
"EAN13","8802534889098","606193 韓國Sweetory卡門培爾起司餅乾","未分類","","","False"
"EAN13","8802534889104","606163 韓國Sweetory切達起司餅乾","未分類","","","False"
"EAN13","8802667002937","308442 韓國MB寶寶香氛潔淨沐浴乳1L","未分類","","","False"
"EAN13","8802667002944","369531 韓國 MB白麝香氛保濕身體乳 500ml","未分類","","","False"
"EAN13","8802667003231","308131 韓國MB白麝香氛潔淨沐浴乳1L","未分類","","","False"
"EAN13","8802667003248","369526 韓國MB寶寶香氛保濕身體乳500ml","未分類","","","False"
"EAN13","8802667005457","553463 韓國MB積雪草舒緩洗髮精","未分類","","","False"
"EAN13","8802667007468","519297 韓國MB大馬士革玫瑰洗髮精500ml","未分類","","","False"
"EAN13","8802667007475","519423 韓國MB大馬士革玫瑰護髮乳 500ml","未分類","","","False"
"EAN13","8802667008380","630864 韓國 Milk Baobab 白麝香氛旅行組","未分類","","","False"
"EAN13","8803348037446","519732 韓國AROUND ME蜜桃香氛沐浴乳","未分類","","","False"
"EAN13","8803348045991","300190 韓國AROUND ME積雪草舒緩沐浴乳","未分類","","","False"
"EAN13","8808244530237","785353 韓國濟州SamDaSoo火山岩盤礦泉水","未分類","","","False"
"EAN13","8809260944886","601334 韓國X5花生巧克力風味捲心酥","未分類","","","False"
"EAN13","8809301761229","595696 韓國Ariel卸妝潔顏濕巾15入","未分類","","","False"
"EAN13","8809301765883","597981 G)韓國Ariul眼唇卸妝棉 （30片）","未分類","","","False"
"EAN13","8809329050503","679466 韓國YOUUS櫻花氣泡飲","未分類","","","False"
"EAN13","8809426953318","532321 NF蘆薈保濕舒緩噴霧150ml","未分類","","","False"
"EAN13","8809477172188","586453 韓國Rucipello牙膏旅行組-森林","未分類","","","False"
"EAN13","8809479546024","532225 NF蘆薈保濕舒緩凝膠300ml","未分類","","","False"
"EAN13","8809494810919","508012 韓國爸爸的農場蘋果汁","未分類","","","False"
"EAN13","8809521670776","519596 LePlein 濟州擴香瓶涉地油菜花開","未分類","","","False"
"EAN13","8809521671100","519634 LePlein 濟州擴香瓶挾才清晨海風","未分類","","","False"
"EAN13","8850157400022","096524 泰國Bento辣味魷魚-香蒜口味","未分類","","20260401_春遊","False"
"EAN13","8850157400107","096537 泰國Bento辣味魷魚-香辣口味","未分類","","20260401_春遊","False"
"EAN13","8850332251364","366612 泰國IMPERIAL草莓風味果醬餅乾","未分類","","","False"
"EAN13","8850332251593","366577 泰國IMPERIAL藍莓風味果醬餅乾","未分類","","","False"
"EAN13","8851019410135","525792 格力高百奇巧克力棒","未分類","","","False"
"EAN13","8851019410142","525831 格力高百奇草莓棒","未分類","","","False"
"EAN13","8851019410173","349911 格力高百奇牛奶餅乾巧克力棒","未分類","","","False"
"EAN13","8887549315770","805006 國際 EVOLTA 鈦元素電池 3號4入","未分類","","410五六日","False"
"EAN13","8887549315794","805028 國際 EVOLTA 鈦元素電池 4號 4入","未分類","","410五六日","False"
"EAN13","8887549665004","792759 國際 EVOLTA 鈦元素電池3號6入","未分類","","","False"
"EAN13","8887549665011","792753 國際 EVOLTA 鈦元素電池4號6入","未分類","","","False"
"EAN13","8934677063315","349711 樂天XYLITOL無糖口香糖-萊姆薄荷","未分類","","","False"
"EAN13","8934677063414","349186 樂天XYLITOL無糖口香糖-藍莓薄荷","未分類","","","False"
"EAN13","8935084103892","875303 越南HIS&HERS鹹酥風味腰果","未分類","","","False"
"EAN13","8935084103908","875836 越南HIS&HERS 芥末風味腰果","未分類","","","False"
"EAN13","8935084103953","398359 越南 HIS&HERS 甜味腰果","未分類","","","False"
"EAN13","8935084104035","875832 越南HIS&HERS 辣味腰果","未分類","","","False"
"EAN13","8936101341679","366631 越南Tan Tan芥末脆皮青豆","未分類","","327五六日","False"
"EAN13","9002490204228","420910 紅牛能量飲CAN250ml","未分類","","","False"
"EAN13","9300682016278","812876 M&M'S脆心牛奶巧克力30g","未分類","","","False"
"EAN13","9331275012278","366520 印尼Redondo可可風味捲心酥","未分類","","","False"
"EAN13","9331275012544","366442 印尼Redondo草莓風味捲心酥","未分類","","","False"
"EAN13","9334214004594","309417 西莎蒔蘿焗烤菲力牛口味","未分類","","","False"
"EAN13","9334214033105","367736 西莎南法野菜燉雞口味","未分類","","","False"
"EAN8","23155930","315593 貓福珊迪鰅魚燒2入卡士達口味","未分類","","","False"
"EAN8","23396159","339615 御料小館X世界的山將夢幻雞翅","未分類","","","False"
"EAN8","23457577","345757 CITY TEA莓好光櫻心凍風味紅茶","未分類","","","False"
"EAN8","23464728","346472 CITY CAFE莓好光櫻心凍風味拿鐵","未分類","","","False"
"EAN8","23500662","350066 木曜香草可麗露","未分類","","","False"
"EAN8","23501775","350177 木曜白葡萄大福","未分類","","","False"
"EAN8","23529908","352990 奇美招牌鮮肉包","未分類","","","False"
"EAN8","23730298","373029 （A）御料小館泰式打拋豬炒飯","未分類","","","False"
"EAN8","23836167","383616 (A)御料小館原味嫩雞塊","未分類","","","False"
"EAN8","24072861","407286 （A）御料小館韓風拌拌炸雞","未分類","","","False"
"EAN8","24072892","407289 御料小館美式紐奧良風味烤雞翅","未分類","","","False"
"EAN8","24441889","444188 和風葛粉抹茶拿鐵（特大）","未分類","","","False"
"EAN8","24442350","444235 和風葛粉焦糖瑪奇朵（特大）","未分類","","","False"
"EAN8","24584784","458478 御料小館美式香辣雞丁","未分類","","","False"
"EAN8","24958738","495873 御料小館招牌水餃","未分類","","","False"
"EAN8","24988513","498851 御料小館鮮肉鍋貼","未分類","","","False"
"EAN8","25252293","525229 春上蛋糕杯-香濃芋泥","未分類","","","False"
"EAN8","25266153","526615 大成椒鹽炸雞柳","未分類","","","False"
"EAN8","25299557","529955 （A）御料小館韓式泡菜鍋貼","未分類","","","False"
"EAN8","25549249","554924 西班牙GiroRibot西班牙女郎","未分類","","","False"
"EAN8","25549423","554942 西班牙GiroRibot安東尼高第","未分類","","","False"
"EAN8","25550764","555076 西班牙GiroRibot美麗佳人","未分類","","","False"
"EAN8","25566079","556607 御料小館辣味雞柳條","未分類","","","False"
"EAN8","25636765","563676 舒潔棉柔抽取1串訂貨：562446","未分類","","","False"
"EAN8","25703863","570386 KAFEN 卡氛極致旅行組","未分類","","","False"
"EAN8","25923551","592355 CITY CAFE西西里風檸檬氣泡咖啡","未分類","","","False"
"EAN8","26298139","629813 濃醇巧克力杯子蛋糕","未分類","","","False"
"EAN8","26320175","632017 春上蛋糕杯-濃情重巧克力","未分類","","","False"
"EAN8","26366241","636624 御料小館奶油培根義大利麵","未分類","","","False"
"EAN8","26374406","637440 加賀屋唐揚雞","未分類","","","False"
"EAN8","28629795","862979 蘇菲超熟睡內褲型衛生棉L2片","未分類","","","False"
"EAN8","28704065","870406 御料小館番茄肉醬義大利麵（袋）","未分類","","","False"
"EAN8","28883869","888386 御料小館上海風味生煎包","未分類","","","False"
"EAN8","29759668","975966 大成舒迷雞胸肉日式塩花","未分類","","","False"
"EAN8","29956562","995656 春上蛋糕杯（十勝奶霜口味）","未分類","","","False"
"EAN8","45166143","306416 POP CAN 造型棒棒糖（格力高）","未分類","","","False"
"EAN8","45205767","570953 LOTTE 雪見大福冰淇淋-红豆奶油","未分類","","","False"
"EAN8","47108684","239730 滋露奶油口味巧克力風味糖果","未分類","","","False"
"EAN8","47108707","239743 滋露草莓口味巧克力風味糖果","未分類","","","False"
"EAN8","47118393","566168 易口舒草本潤喉薄荷糖蜂蜜檸檬味","未分類","","","False"
"EAN8","47118409","566523 易口舒草本潤喉薄荷糖枇杷秋梨味","未分類","","","False"
"EAN8","49814521","306874 加倍佳棒棒糖","未分類","","","False"
"EAN8","76145513","629751 瑞士三角牛奶巧克力","未分類","","","False"
"EAN8","80050278","146445 金莎三粒裝","未分類","","","False"
"EAN8","80176732","801333 Kinder Happy Hippo健達快樂河馬","未分類","","","False"
"EAN8","80768258","333272 健達奇趣蛋單入裝（粉色版）","未分類","","","False"
"EAN8","80906032","482950 健達樂脆棒","未分類","","","False"
"EAN8","80974482","333273 健達奇趣蛋單入裝（藍色版）","未分類","20260612","逼近品","False"
"EAN8","90162800","320319 紅牛能量飲料無糖CAN250","未分類","","","False"
"EAN8","90454424","514182 紅牛火龍果風味能量飲料CAN250","未分類","","","False"
"EAN8","90456565","335899 紅牛巨峰葡萄風味能量飲料CAN250","未分類","","","False"
"EAN8","93362986","192310 西莎牛肉及肝狗食","未分類","","","False"
"EAN8","93362993","192307 西莎雞肉狗食","未分類","","","False"
"EAN8","93485517","825463 西莎鄉村嫩燒小羊肉狗食","未分類","","","False"
"EAN8","93485524","353252 西莎野菜牛肉","未分類","","","False"
"EAN8","23836297","383629 御料小館椒鹽鹽酥雞","未分類","","","False"
"EAN8","24073271","407327 御料小館香辣炸雞球","未分類","","","False"
"EAN8","24508322","450832 御料小館x世界的山將夢幻唐揚雞","未分類","","","False"
"EAN8","24606103","460610 御料小館沙茶豬肉蛋炒飯","未分類","","","False"
"EAN8","24989107","498910 御料小館德州風味BBQ烤翅腿","未分類","","","False"
"EAN8","25360677","536067 御料小館火腿肉絲黃金蛋炒飯","未分類","","","False"
"EAN8","25583335","558333 晶華-碧玉鮮蝦餃","未分類","","","False"
"EAN8","25600667","560066 御料小館x21Plus 美式烤雞腿","未分類","","","False"
"EAN8","25703009","570300 阿甘薯叔冰烤地瓜","未分類","","","False"
"EAN8","26043562","604356 御料小館韓風甜辣醬炸雞","未分類","","","False"
"EAN8","26124889","612488 御料小館碳烤風味雞排","未分類","","","False"
"EAN8","26250137","625013 御料小館蔥抓餅","未分類","","","False"
"EAN8","26285177","628517 奇美芝麻流沙包","未分類","","","False"
"EAN8","26398204","639820 御料小館秘製滷雞翅","未分類","","","False"
"EAN8","26420882","642088 御料小館x膳馨 無骨秘製排骨酥","未分類","","","False"
"EAN8","26613833","661383 御料小館X貳樓德州風味BBQ烤雞翅","未分類","","","False"
"EAN8","26723112","672311 御料小館x膳馨 蜜汁醬燒雞排","未分類","","","False"
"EAN8","26739335","673933 御料小館美式經典紐奧良烤雞翅","未分類","","","False"
"EAN8","26896212","689621 御料小館玉米豬肉水餃","未分類","","","False"
"EAN8","26899282","689928 御料小館日式照燒雞肉丸","未分類","","","False"
"EAN8","26923956","692395 晶華-金黃魚子燒賣","未分類","","","False"
"EAN8","27168707","716870 御料小館四季紅油雞丁","未分類","","","False"
"EAN8","27171806","717180 白種元韓式洋釀拌拌炸雞","未分類","","","False"
"EAN8","28385271","838527 御料小館X艋舺雞排-爆汁嫩雞","未分類","","","False"
"EAN8","28716662","871666 御料小館海鮮披薩","未分類","","","False"
"EAN8","28844112","884411 御料小館青醬蛤蜊義大利麵（袋）","未分類","","","False"
"EAN8","29377893","937789 御料小館豆乳雞","未分類","","","False"
"EAN8","29495092","949509 蔥阿伯鮮肉小籠湯包","未分類","","","False"
"EAN8","26281117","628111（實）Enaak香脆點心麵 隨手包1盒","實體販售","","","False"
"EAN8","26281223","628122（實）Enaak香辣點心麵 隨手包1盒","實體販售","","","False"
"EAN13","4718201210567","379955 易口舒脆皮軟心薄荷糖-檸檬薄荷","糖果","","","False"
"EAN13","4987240608707","522851 龍角散薄荷草本喉糖（袋）","糖果","","","False"
"EAN8","23996441","399644 冷凍防護手套M24.5CM","！門市用品","","","False"
"EAN8","24399838","439983 解凍箱（手提式-熱狗）","！門市用品","","","False"
"EAN8","25898507","589850 手機","！門市用品","","","False"
"EAN8","26189659","618965 甜點","！門市用品","","","False"
"EAN8","23198869","319886 抽取式自用衛生紙","！門市用品","","","False"
"EAN8","23497788","349778 萬用紙巾（30入）方的","！門市用品","","","False"
"EAN8","23559127","355912 本設備故障中","！門市用品","","","False"
"EAN8","23615434","361543 大捲筒衛生紙（12入）","！門市用品","","","False"
"EAN8","24284882","428488 落地陳列箱（3入）小紅sale箱","！門市用品","","","False"
"EAN8","26490892","649089 熱壓吐司專用紙袋","！門市用品","","","False"
"EAN8","28807582","880758 小蘇打粉（熱壓吐司專用","！門市用品","","","False"
"EAN8","23092211","309221 滷味桃太郎旗","！門市用品","","","False"
"EAN8","23400917","340091 關東煮開鍋包","！門市用品","","","False"
"EAN8","23402058","340205 關東煮補充包","！門市用品","","","False"
"EAN8","23528215","352821 茶葉蛋桃太郎旗","！門市用品","","","False"
"EAN8","23552654","355265 秋冬地瓜POP","！門市用品","","","False"
"EAN8","23654396","365439 秋冬熱狗機POP","！門市用品","","","False"
"EAN8","24179959","417995 蛋鍋預煮中貼紙","！門市用品","","","False"
"EAN8","24322348","432234 春夏茶葉蛋POP","！門市用品","","","False"
"EAN8","24338004","433800 春夏開東煮POP","！門市用品","","","False"
"EAN8","24338400","433840 春夏熱狗機POP","！門市用品","","","False"
"EAN8","24338493","433849 春夏滷味POP","！門市用品","","","False"
"EAN8","24338905","433890 春夏地瓜POP","！門市用品","","","False"
"EAN8","24709125","470912 滷味圍邊貼紙","！門市用品","","","False"
"EAN8","24728133","472813 秋冬關東煮POP","！門市用品","","","False"
"EAN8","24929219","492921 秋冬茶葉蛋POP","！門市用品","","","False"
"EAN8","25744262","574426 10型滅火器換藥＄414","！門市用品","","","False"
"EAN8","25744583","574458 20型滅火器換藥$515","！門市用品","","","False"
"EAN8","25815085","581508 大亨堡盒","！門市用品","","","False"
"EAN8","25837193","583719 自動門暫停服務","！門市用品","","","False"
"EAN8","28819622","881962 10型滅火器$796","！門市用品","","","False"
"EAN8","28820604","882060 20型滅火器$955","！門市用品","","","False"
"EAN8","28822806","882280 派滅火器放置架","！門市用品","","","False"
"EAN8","25327816","532781 開心果風味糖漿25g","City’s","","","False"
"EAN8","26051109","605110 蜜桃鳥龍冰磚","City’s","","","False"
"EAN8","26445755","644575 葡萄柚血橙冰磚","City’s","","","False"
"EAN8","26446295","644629 大溪地檸檬冰磚","City’s","","","False"
"EAN8","26575087","657508 黑醋栗莓果風味冰磚","City’s","","","False"
"EAN8","27180426","718042 香蕉風味糖漿","City’s","","","False"
"EAN13","4001518116388","732268 德國Sticati牛奶巧克力棒90g","未分類","","","False"
"EAN13","4001518116401","732261 德國Sticati黑巧克力棒90g","未分類","","","False"
"EAN13","4710022056850","381603 卡迪那德州薯條茄汁口味","未分類","","","False"
"EAN13","4710088435071","542889 Lp33機能優酪乳500ml","未分類","","","False"
"EAN13","4710088824622","428900 LP33無加糖機能優酪乳PE500ml","未分類","","","False"
"EAN13","4710104029253","367916 五月花新柔韌抽衛100抽-咖波","未分類","","","False"
"EAN13","4710105002019","588428 晶典小品-咖啡凍","未分類","","","False"
"EAN13","4710105002026","324902 晶典小品-茉莉茶凍","未分類","","","False"
"EAN13","4710105002385","682458 光泉正庄杏仁豆腐","未分類","","","False"
"EAN13","4710154011871","603688 黑松沙士清新紅柚風味PET600","未分類","","","False"
"EAN13","4710176044994","631476 Mini Bar 甜卡力","未分類","","","False"
"EAN13","4710176045007","631477 Mini Bar 洋蔥圈","未分類","","","False"
"EAN13","4711554681695","681114 UD酒精濕巾10抽","未分類","","","False"
"EAN13","4712352001074","594071 淨可立乾洗手噴劑","未分類","","","False"
"EAN13","4717431100525","339081 國際牌錳乾電池3號8入","未分類","","","False"
"EAN13","4717431100532","338823 國際牌錳乾電池4號8入","未分類","","","False"
"EAN13","4719873160426","684486 淨可立空氣除菌噴霧80ml","未分類","","","False"
"EAN13","4719892833509","657278 幸福物語3D口罩-裸藕7入","未分類","","","False"
"EAN13","4719892833523","657267 幸福物語3D口罩-墨黑7入","未分類","","","False"
"EAN13","4901360351480","548771 Bourbon一口巧克力餅乾","未分類","","","False"
"EAN13","4901360364565","700645 BOURBON 口海苔風味洋芋片","未分類","","","False"
"EAN13","4902750670341","675027 味覺糖QQ軟糖綜合水果風味","未分類","","","False"
"EAN13","4976994151034","337594 哈根達斯極濃焦糖雪酥","未分類","","","False"
"EAN13","6921014042371","472658 麒麟霸啤酒330cc罐","未分類","","","False"
"EAN13","7581001400165","523683 Catch迷你焦糖夾心牛奶巧克力","未分類","","","False"
"EAN13","8000500066027","262321 健達繽紛樂","未分類","","","False"
"EAN13","8000500121436","127725 健達繽紛樂White（白）","未分類","","","False"
"EAN13","8801104940023","365624 韓國Binggrae草莓牛奶200ml","未分類","","327五六日","False"
"EAN13","8801104940047","314554 韓國Binggrae香蕉牛奶200ml","未分類","","327五六日","False"
"EAN13","8809613593303","711383 20韓果實Peace檸檬Highball-彩繪","未分類","","327五六日","False"
"I24","399959","399959  統一麵包海鹽羅宋","鮮食","","","False"
"I24","438543","438543  統一麵包奶香葡萄","鮮食","","","False"
"I24","507198","507198  晨光嚴選土司","鮮食","","","False"
"I24","650332","650332  瑞穗鮮乳吐司","鮮食","","","False"
"I24","720408","720408  統一麵包椰香葡萄","鮮食","","","False"
"EAN8","23823426","23823426 柳橙糖液","！門市用品","","","False"
"EAN8","28872696","887269","未分類","","","False"
"EAN8","2238234264","23823426 柳橙糖液","未分類","","","False"
"I24","25071986","507198  晨光嚴選土司","鮮食","","","False"
"I24","25927276","592727  統一麵包海苔肉鬆堡","鮮食","","","False"
"I24","26503325","650332  瑞穗鮮乳吐司","鮮食","","","False"
"I24","27204085","720408  統一麵包椰香葡萄","鮮食","","","False"
"EAN8","26032696","603269（W店）相撲手脆海苔獨享包辣味","未分類","","","False"
"EAN13","4710543023478","576056 話匣子Min勁爆香辣口味玉米片","未分類","","","False"
"EAN13","4710543024239","569423 樂事輕雪鹽口味莎莎風味醬49元","未分類","","","False"
"EAN13","4710953086025","538185 日香鹽酥冬筍餅","未分類","","","False"
"EAN13","4711595600273","688837（W店）纖享樂紅豆銅鑼燒3入","未分類","","","False"
"EAN13","4718262111285","803232 阿華田營養巧克力麥芽飲品","未分類","","","False"
"EAN13","4902201445191","683014 星巴克特選系列太妃核果風味拿鐵","未分類","20260630","","False"
"EAN13","4970765131294","665925 扇屋點心起司條8g","未分類","","","False"
"EAN13","8858223028279","549599 Sweetory迷你脆脆條-蒜蝦","未分類","","410五六日","False"
"EAN13","8934680033329","464994 奧利奧捲心酥-巧克力口味","未分類","","","False"
"EAN13","0017854100442","547272 英國BH檸檬羅勒香氛洗手乳","未分類","","","False"
"EAN13","0017854100466","547197 英國BH玫瑰香氛洗手乳","未分類","","","False"
"EAN13","3010350006628","328821 法國La Cigale馬賽皂-橄欖","未分類","","","False"
"EAN13","3010350006635","329623 法國La Cigale馬賽皂-薰衣草","未分類","","","False"
"EAN13","4710068006673","614519 日本NIJIYA青森蘋果蜂蜜調酒","未分類","","","False"
"EAN13","4710110233040","422645 味味A排骨雞風味乾麵（碗）","未分類","","","False"
"EAN13","4710777120165","304683 白蘭氏傳統雞精42g","未分類","","","False"
"EAN13","4710829653337","404523 日本味王暢快人生奇異果精華版","未分類","","","False"
"EAN13","4710829654709","314642 日本味王暢快人生草玫精華版","未分類","","","False"
"EAN13","4711554681671","666067 UD嬰兒濕巾80抽","未分類","","","False"
"EAN13","4713157541543","693905 飲豪爽（枳椇子＋紅麴錠）","未分類","","","False"
"EAN13","4713469767259","594389 順天本草調理飲-蘋枸飲200ml","未分類","","","False"
"EAN13","4713469767266","594128 順天本草調理飲-潤喉飲200ml","未分類","","","False"
"EAN13","4713469768164","618818 順天本草調理飲-行醒飲200ml","未分類","","","False"
"EAN13","4713469768188","619220 順天本草調理飲-好衛飲200ml","未分類","","","False"
"EAN13","4901411133171","658851 KIRIN晴風啤酒500ml","未分類","","20260401_春遊","False"
"EAN13","4902888348327","416972 森永果汁果實冰（葡萄）","未分類","","","False"
"EAN13","4902888350986","380823 森永果汁果實冰（麝香葡萄）","未分類","","","False"
"EAN13","4942568230023","788709 日本NIJIYA山梨水蜜桃調酒","未分類","","","False"
"EAN13","8801382150336","646914 韓國熊津枳椇子活力甘茶","未分類","","","False"
"EAN13","8801382151593","518910 韓國熊津決明子茶","未分類","","","False"
"EAN13","8802534889302","521996 韓國Sweetory夏威夷果可可球","未分類","","","False"
"EAN13","8802534889487","700863 韓國Sweetory玉米風味杏仁果","未分類","","","False"
"EAN13","8809624620869","682199 韓國真果實白葡萄酒調酒","未分類","","327五六日","False"
"EAN13","8809624620876","682194 韓國真果實紅葡萄酒調酒","未分類","","327五六日","False"
"EAN8","20031688","003168 現萃茶-濾紙","！門市用品","","","True"
"EAN8","20031718","003171 4杯紙袋*50","！門市用品","","","True"
"EAN8","20031848","003184 ART羊毛小刷","！門市用品","","","True"
"EAN8","20032814","003281 台新機共用長柄刷","！門市用品","","","True"
"EAN8","20033750","003375 咖啡電子秤","！門市用品","","","True"
"EAN8","20034726","003472 咖啡保溫壺","！門市用品","","","True"
"EAN8","20035792","003579 ART白色小刷","！門市用品","","","True"
"EAN8","20038960","003896 咖啡溫度計","！門市用品","","","True"
"EAN8","20039066","003906 咖啡紅蠟筆*6","！門市用品","","","True"
"EAN8","20059668","005966 噴霧器-噴頭","！門市用品","","","True"
"EAN8","20061036","006103 廢筆電回收袋5入破壞袋","！門市用品","","","True"
"EAN8","20616694","061669 砂糖T00","！門市用品","","","True"
"EAN8","20355265","035526 地瓜磅秤靜貼","！門市用品","","","True"
"EAN8","20618186","061818 冰塊紅×30","！門市用品","","","True"
"EAN8","20618216","061821 冰塊藍×20","！門市用品","","","True"
"EAN8","20951382","095138 POP雙面膠","！門市用品","","","True"
"EAN8","20951412","095141 大燒包紙袋","！門市用品","","","True"
"EAN8","20994594","099459 A4特殊紙","！門市用品","","","True"
"EAN8","20995140","099514 IBON票卷信封","！門市用品","","","True"
"EAN8","21058660","105866 甜辣醬","！門市用品","","","True"
"EAN8","21146060","114606 HR30熱狗告知卡鐵架","！門市用品","","","True"
"EAN8","21159084","115908 時間貼紙","！門市用品","","","True"
"EAN8","21214318","121431 纸巾36包","！門市用品","","","True"
"EAN8","21236822","123682 關東煮小碗","！門市用品","","","True"
"EAN8","23865327","386532 台式辣味噌醬","！門市用品","","","True"
"EAN8","23879614","387961 法國 EVIAN 依雲天然礦泉水 PET500","未分類","","","True"
"EAN8","23905900","390590 冰淇淋湯匙20入","！門市用品","","","True"
"EAN8","23915596","391559 CITY CAFE專用乳","！門市用品","","","True"
"EAN8","23924451","392445 原味黑珠","！門市用品","","","True"
"EAN8","23928275","392827 EVERSYS專用中小刷","！門市用品","","","True"
"EAN8","23945401","394540 M牌咖啡機藥水","！門市用品","","","True"
"EAN8","23958128","395812 60公分紙箱","！門市用品","","","True"
"EAN8","23958258","395825 90公分紙箱","！門市用品","","","True"
"EAN8","23958388","395838 120公分紙箱","！門市用品","","","True"
"EAN8","23960459","396045 循環杯專用杯蓋50個","！門市用品","","","True"
"EAN8","23977594","397759 冷凍食品專用盒","！門市用品","","","True"
"I24","23999596","399959  統一麵包海鹽羅宋","鮮食","","","True"
"EAN8","24001793","400179 手持吸塵器$295元","！門市用品","","","True"
"EAN8","24039802","403980 珍珠飲品熱杯蓋","！門市用品","","","True"
"EAN8","24041133","404113 交貨便寄件箱（小）$8","！門市用品","","","True"
"EAN8","23996847","399684 冷凍防護手套L25.5CM","！門市用品","","","True"
"EAN8","24041140","404114 交貨便寄件箱（中）$12","！門市用品","","","True"
"EAN8","24047883","404788 御料小館鹽味毛豆","未分類","","","True"
"EAN8","24056007","405600 特大杯裸棒（100入）","！門市用品","","","True"
"EAN8","24067041","406704 拍賣出清貼紙3折","！門市用品","","","True"
"EAN8","24067157","406715 拍賣出清貼紙7折","！門市用品","","","True"
"EAN8","24067256","406725 拍賣出清貼紙5折","！門市用品","","","True"
"EAN8","24072670","407267 現萃茶杯(大)","！門市用品","","","True"
"I35","27496527","749652 晶英-韓式炸豬排起司雙拼飯卷","未分類","","","False"
"I35","27496572","749657 晶英-台韓半半炸雞便當","未分類","","","False"
"I35","27511893","751189 晶英-韓式泡菜豬肉豆腐煲燴飯","未分類","","","False"
"EAN8","21236952","123695 關東煮大碗","！門市用品","","","True"
"EAN8","21237058","123705 小蓋","！門市用品","","","True"
"EAN8","21237188","123718 大蓋","！門市用品","","","True"
"EAN8","21490798","149079 抹布3片","！門市用品","","","True"
"EAN8","23280472","328047 大亨堡專用L型紙袋","！門市用品","","","True"
"EAN8","23318793","331879 可生物降解寄件袋","！門市用品","","","True"
"EAN8","23324664","332466 4X6專用紙","！門市用品","","","True"
"EAN8","23359536","335953 冰塊綠×16","！門市用品","","","True"
"EAN8","23359895","335989 台新SOUL","！門市用品","","","True"
"EAN8","23363359","336335 御料小館蜜汁雞排","未分類","","","True"
"EAN8","23366909","336690 水果糖液","！門市用品","","","True"
"EAN8","23273856","327385 秋冬滷味POP","！門市用品","","","True"
"EAN8","23367470","336747 茶葉蛋靜電貼","！門市用品","","","True"
"EAN8","23385337","338533 御料小館招牌水煎包","未分類","","","True"
"EAN13","4009900505628","687026 彩虹糖熱帶水果口味","未分類","20260522","逼近品","False"
"EAN13","4710247026522","691690 CADBURYOREO餅乾夾心牛奶巧克力","未分類","20260625","逼近品","False"
"EAN13","4713139018674","668978 貝禮詩綜合奶酒風味夾心巧克力","未分類","20260727","逼近品","False"
"EAN13","4718201218839","323960 彩虹糖混合水果口味","未分類","","逼近品","False"
"EAN13","4901360353996","728883 G）BOURBON巧克力風味海綿蛋糕棒","未分類","20260519","逼近品","False"
"EAN13","4902777139746","525169 明治果汁QQ軟糖-葡萄口味","未分類","20260731","逼近品","False"
"EAN13","4903032243741","720002 雷神濃醇草莓奶霜巧克力味餅乾","未分類","20260627","逼近品","False"
"EAN13","5904637006204","669220 MAGNAT橘子風味夾心巧克力（熊）","未分類","20260630","逼近品","False"
"EAN13","5904637007027","669325 MAGNAT榛果夾心牛奶巧克力（吊飾）","未分類","20260610","逼近品","False"
"EAN13","6221134014020","686668 特趣焦糖夾心巧克力-鹹焦糖","未分類","20260507","逼近品","False"
"EAN13","8008743024552","669733 義大利萊卡Laica精緻綜合巧克力","未分類","20270131","逼近品","False"
"EAN13","8008743024590","669829 義大利萊卡Laica綜合酒心巧克力","未分類","","逼近品","False"
"EAN13","8691216090477","472970 哈瑞寶明星總動員Q軟糖80g","未分類","20260721","逼近品","False"
"EAN13","8850338009471","682713 HallsXS無糖薄荷風味糖酷爽薄荷","未分類","20260705","逼近品","False"
"EAN13","8902433030147","681219 士力架花生可可棒-草莓口味","未分類","20260730","逼近品","False"
"EAN8","40144016","073444 偉特鮮奶油糖50g","未分類","20260723","逼近品","False"
"EAN8","47112148","601689 Airwaves超涼薄荷糖","未分類","20260723","逼近品","False"
"EAN8","80844969","695317 健達健達利尼2入裝","未分類","20260319/20260702","逼近品","False"
"UPCA","034000250103","648782 Reeses花生醬焦糖夾餡牛奶巧克力","未分類","","逼近品","False"
"EAN8","21490828","149082 菜瓜布","！門市用品","","","True"
"EAN13","8850125007000","745441  美祿濃厚冰淇淋筒","未分類","","","False"
"EAN8","27158449","715844 元氣御選臻白卵（動福白蛋）","未分類","","","False"
"EAN8","21491764","149176 去污粉","！門市用品","","","True"
"EAN8","21705168","170516 攪拌棒*1000","！門市用品","","","True"
"EAN8","21732218","173221 化妝室公約","！門市用品","","","True"
"EAN8","21881350","188135 熱狗插座","！門市用品","","","True"
"EAN8","21926662","192666 3M除膠劑","！門市用品","","","True"
"EAN8","21962912","196291 熱狗吸油布","！門市用品","","","True"
"EAN8","21965340","196534 大白熊","！門市用品","","","True"
"EAN8","21967252","196725 禮盒金布","！門市用品","","","True"
"EAN8","22479518","247951 後台POS用報表紙","！門市用品","","","True"
"EAN8","22500830","250083 2杯紙袋（出完為止）","！門市用品","","","True"
"EAN8","22539342","253934 鷹爪勾","！門市用品","","","True"
"EAN8","22553928","255392 POP吊旗組紙桿","！門市用品","","","True"
"EAN8","22611970","261197 大亨堡盒","！門市用品","","","True"
"EAN8","22772510","277251 醬油膏","！門市用品","","","True"
"EAN8","23004337","300433 交貨便寄件袋","！門市用品","","","True"
"EAN8","23029064","302906 櫃檯區暫停服務牌NEW","！門市用品","","","True"
"EAN8","23029484","302948 清潔中（廁所用）","！門市用品","","","True"
"EAN8","23059252","305925 熱狗竹籤","！門市用品","","","True"
"EAN8","23065857","306585 可重複使用提袋2杯裝","！門市用品","","","True"
"EAN8","23068209","306820 可重複使用提袋1杯裝","！門市用品","","","True"
"EAN8","23469679","346967 W","！門市用品","","","True"
"EAN8","23465008","346500 正確洗手步驟","！門市用品","","","True"
"EAN8","23471962","347196 OSC啤酒警語","！門市用品","","","True"
"EAN8","23473553","347355 循環杯-大14個","！門市用品","","","True"
"EAN8","23473614","347361 循環杯-中18®","！門市用品","","","True"
"EAN8","23454996","345499 冰胭脂紅茶珍珠歐蕾（特大）","未分類","","","True"
"EAN8","23456136","345613 IBON紙卷","！門市用品","","","True"
"EAN8","23140479","314047 eTag小卡","！門市用品","","","True"
"EAN8","23218291","321829 台車擺放注意警語","！門市用品","","","True"
"EAN8","23228306","322830 落地陳列箱（3入）","！門市用品","","","True"
"EAN8","23229792","322979 精品咖啡天吊旗","！門市用品","","","True"
"EAN8","23231818","323181 現蒸地瓜下方價格牌","！門市用品","","","True"
"EAN8","23247550","324755 36mm寬膠帶","！門市用品","","","True"
"EAN8","23249592","324959 12mm細膠帶","！門市用品","","","True"
"EAN8","23394490","339449 甜點湯匙","！門市用品","","","True"
"EAN8","23395794","339579 現萃茶砂糖","！門市用品","","","True"
"EAN8","23396661","339666 蜂蜜糖液","！門市用品","","","True"
"EAN8","23402935","340293 茶葉蛋袋16*20（300入）","！門市用品","","","True"
"EAN8","23405790","340579 交貨便服務單袋 $0","！門市用品","","","True"
"EAN8","23430655","343065 冰塊杯","！門市用品","","","True"
"EAN8","23449534","344953 櫃台煙酒四機回收","！門市用品","","","True"
"EAN8","23473775","347377 循環杯-特大10個","！門市用品","","","True"
"EAN8","23484023","348402 咖啡色魔布2入","！門市用品","","","True"
"EAN8","23510883","351088 S80冷凍專用箱（中）$19","！門市用品","","","True"
"EAN8","23493414","349341 手機","！門市用品","","","True"
"EAN8","23538665","353866 單杯萃茶機每日清潔藥片","！門市用品","","","True"
"EAN8","23586512","358651 電池回收桶","！門市用品","","","True"
"EAN8","23598270","359827 3M雙面膠","！門市用品","","","True"
"EAN8","23601307","360130 封膜機專用膜","！門市用品","","","True"
"EAN8","23610699","361069 鮮食付費提網（2元）","！門市用品","","","True"
"EAN8","23633674","363367 業務用氣泡水","！門市用品","","","True"
"EAN8","23664098","366409 現萃茶機專用藥錠","！門市用品","","","True"
"EAN8","23670860","367086 可可粉包","！門市用品","","","True"
"EAN8","23673557","367355 特大紙杯（22oz）","！門市用品","","","True"
"EAN8","23675551","367555 EVERSYS牛奶藥水","！門市用品","","","True"
"EAN8","23747104","374710 茶葉蛋滷汁","！門市用品","","","True"
"EAN8","23762572","376257 茶葉蛋吸渣布","！門市用品","","","True"
"EAN8","23765740","376574 防倒輔助板10入","！門市用品","","","True"
"EAN8","23776524","377652 EC專用量尺","！門市用品","","","True"
"EAN8","23776555","377655 中型禮盒提袋（5入）","！門市用品","","","True"
"EAN8","23792982","379298 A4POP陳列板5入","！門市用品","","","True"
"EAN8","23793187","379318 A3POP陳列板3入","！門市用品","","","True"
"EAN8","24072724","407272 現萃茶杯(特大)","！門市用品","","","True"
"EAN8","24080910","408091 現萃茶杯套","！門市用品","","","True"
"EAN8","24088831","408883 電子發票紙捲70M*30","！門市用品","","","True"
"EAN8","24105194","410519 中杯*50","！門市用品","","","True"
"EAN8","24105514","410551 大杯*50","！門市用品","","","True"
"EAN8","24113250","411325 計時器","！門市用品","","","True"
"EAN8","24123853","412385 滷味小碗50入","！門市用品","","","True"
"EAN8","24124195","412419 滷味大碗50入","！門市用品","","","True"
"EAN8","24454322","445432 無障礙斜坡","！門市用品","","","True"
"EAN8","24465533","446553 珍珠奶茶專用粉包（冷熱專用）","City’s","","","True"
"EAN8","24147958","414795 Brother 碳粉匣（新式）","！門市用品","","","True"
"EAN8","24209250","420925 75%酒精-500ml","！門市用品","","","True"
"EAN8","24209304","420930 門市自用抽取式衛生紙","！門市用品","","","True"
"EAN8","24210119","421011 精品專用熱杯蓋（黑）","！門市用品","","","True"
"EAN8","24211123","421112 精品專用紙杯（中）","！門市用品","","","True"
"EAN8","24212687","421268 精品專用杯套","！門市用品","","","True"
"I24","24385435","438543  統一麵包奶香葡萄","未分類","","","True"
"EAN8","24484411","448441 循環杯專用杯套200個","！門市用品","","","True"
"EAN8","24502108","450210 交貨便文件盒   $ 5","！門市用品","","","True"
"EAN8","24521444","452144 奶精*50","！門市用品","","","True"
"EAN8","24604017","460401 現萃茶試飲杯（綠杯）","！門市用品","","","True"
"EAN8","24624640","462464 萬用去污液","！門市用品","","","True"
"EAN8","24638210","463821 小心自動門","！門市用品","","","True"
"EAN8","24641814","464181 熱狗品名卡","！門市用品","","","True"
"EAN8","24642286","464228 高溫小心","！門市用品","","","True"
"EAN8","24663199","466319 檸檬糖液","！門市用品","","","True"
"EAN8","24643016","464301 關東煮預煮中POP","！門市用品","","","True"
"EAN8","24699648","469964 咖啡兩用紙提袋（2元）","！門市用品","","","True"
"EAN8","24739634","473963 廁所貼心提醒","！門市用品","","","True"
"EAN8","24741262","474126 A4黑白紙","！門市用品","","","True"
"EAN8","24741392","474139 A3黑白紙","！門市用品","","","True"
"EAN8","24805360","480536 蕃茄醬","！門市用品","","","True"
"EAN8","24809504","480950 貨架背板POP夾","！門市用品","","","True"
"EAN8","24871938","487193 退貨用束帶橘","！門市用品","","","True"
"EAN8","24925570","492557 濾心吊卡","！門市用品","","","True"
"EAN8","24926355","492635 如廁後請洗手","！門市用品","","","True"
"EAN8","24939980","493998 量水杯3L","！門市用品","","","True"
"EAN8","24970341","497034 餘額卡","！門市用品","","","True"
"EAN8","25059014","505901 交貨便寄件箱（大）","！門市用品","","","True"
"EAN8","25203196","520319 75%酒精-4L","！門市用品","","","True"
"EAN8","25275452","527545 加強型洗潔精","！門市用品","","","True"
"EAN8","25308068","530806 精品咖啡豆","！門市用品","","","True"
"EAN8","25330656","533065 美式豆","！門市用品","","","True"
"EAN8","25330786","533078 拿鐵豆","！門市用品","","","True"
"EAN8","25332308","533230 交貨便量尺","！門市用品","","","True"
"EAN8","25337259","533725 客情服務卡","！門市用品","","","True"
"EAN8","25352917","535291 精品專用紙杯（大）","！門市用品","","","True"
"EAN8","25357462","535746 回收確認單20入","！門市用品","","","True"
"EAN8","25358186","535818 中大杯蓋","！門市用品","","","True"
"EAN8","25361117","536111 LED-10W黃光＄173","！門市用品","","","True"
"EAN8","25361179","536117 LED-10W白光＄173","！門市用品","","","True"
"EAN8","25371376","537137 鮮食試飲杯（綠標）","！門市用品","","","True"
"EAN8","25372182","537218 2杯架50入","！門市用品","","","True"
"EAN8","25372212","537221 4杯架50入","！門市用品","","","True"
"EAN8","25376036","537603 筷子100入","！門市用品","","","True"
"EAN8","25376326","537632 禮盒提袋（5入）","！門市用品","","","True"
"EAN8","25377262","537726 通用大中小刷子組","！門市用品","","","True"
"EAN8","25384680","538468 補貨台車輪子","！門市用品","","","True"
"EAN8","25387148","538714 試吃用剪刀","！門市用品","","","True"
"EAN8","25387278","538727 試吃用刀子","！門市用品","","","True"
"EAN8","25387308","538730 試吃用砧板","！門市用品","","","True"
"EAN8","25388404","538840 塑膠防潮板6入","！門市用品","","","True"
"EAN8","25466362","546636 珍珠椰果","！門市用品","","","True"
"EAN8","25475128","547512 大亨堡POP","！門市用品","","","True"
"EAN8","25475708","547570 茶葉蛋POP","！門市用品","","","True"
"EAN8","25485172","548517 超大咖紙杯","！門市用品","","","True"
"EAN8","25507751","550775 優格風味糖漿包","City’s","","","True"
"EAN8","25668193","566819 塑膠深口湯匙100入（減塑）","！門市用品","","","True"
"EAN8","25533330","553333 生理用品袋","！門市用品","","","True"
"EAN8","25738629","573862 白色戀人","！門市用品","","","True"
"EAN8","25738827","573882 莫西多","！門市用品","","","True"
"EAN8","25748567","574856 精品咖啡桃太郎旗","！門市用品","","","True"
"EAN8","29168477","916847 阿華田粉包","！門市用品","","","True"
"EAN8","29332182","933218 EC專用電子秤","！門市用品","","","True"
"EAN8","29348718","934871 精品咖啡外橫布旗","！門市用品","","","True"
"EAN8","29460625","946062 瓶裝商品禮盒提袋（5入）","！門市用品","","","True"
"EAN8","29669868","966986 防水時間貼紙","！門市用品","","","True"
"EAN8","28817970","881797 咖啡杯套*50","！門市用品","","","True"
"EAN8","23677852","367785 德國貝克曼博士超潔淨去漬筆","未分類","","327五六日","False"
"EAN8","25814811","581481 舒潔三層抽取衛生紙90抽","未分類","","327五六日","False"
"EAN13","4527492224098","574540 Snaclub沖繩南高梅風味番茄乾","未分類","","327五六日","False"
"EAN13","4710036602487","591156 靠得住茶樹舒涼棉日用23cm10片","未分類","","327五六日","False"
"EAN13","4710036602500","656832 靠得住茶樹舒涼棉夜用28cm9片","未分類","","327五六日","False"
"EAN13","4710085104116","131324 伯朗咖啡CAN240","未分類","","327五六日","False"
"EAN13","4710085104130","131337 伯朗咖啡藍山風味CAN240","未分類","","327五六日","False"
"EAN13","4710085104178","182032 伯朗咖啡曼特寧風味CAN240","未分類","","327五六日","False"
"EAN13","4710085229536","396458 柏克金德式小麥啤酒330ml","未分類","","327五六日","False"
"EAN13","4710088063298","380972 瑞穗鮮乳巧酥雪糕","未分類","","327五六日","False"
"EAN13","4710088471888","543380 原味本舖牛奶花生CAN255","未分類","","327五六日","False"
"EAN13","4710174122885","608351 微笑河馬餅（巧克力風味）","未分類","","327五六日","False"
"EAN13","4710174122946","610165 微笑河馬餅（牛奶風味）","未分類","","327五六日","False"
"EAN13","4711554681688","666062 UD酒精濕巾30抽 單特39元","未分類","","327五六日","False"
"EAN13","4807770190025","273464 Kid-O三明治餅乾（奶油口味）","未分類","","327五六日","False"
"EAN13","4903032243871","746770 日本黑雷神一口草莓巧布朗尼","未分類","","327五六日","False"
"EAN13","4995257333109","579901 Snaclub沖繩日式梅片","未分類","","327五六日","False"
"EAN13","8801173603546","540967 韓國MKH無窮花手洗精-襪子衣領","未分類","","327五六日","False"
"EAN13","8801173603638","541018 韓國MKH無窮花手洗精貼身衣物","未分類","","327五六日","False"
"EAN13","8888021100327","521217 永備碳鋅電池9V1入","未分類","","327五六日","False"
"EAN13","8936101344359","525692 越南Tan Tan蒜辣花生","未分類","","327五六日","False"
"EAN13","8936101345929","525728 越南Tan Tan蒜辣脆皮花生","未分類","","327五六日","False"
"EAN13","9312931540076","613567 勁量鈕扣型鹼性電池A76","未分類","","327五六日","False"
"EAN13","4710036542219","446080 靠得住草本抑菌日用23cm14片","未分類","","410五六日","False"
"EAN13","4710036545524","358392 靠得住草本抑菌夜薄28cm 12片","未分類","","410五六日","False"
"EAN13","4710088425317","705908 統一H20純水PET600","未分類","","410五六日","False"
"EAN13","4710088471765","573406 HIS CAFE純黑咖啡CAN185","未分類","","410五六日","False"
"EAN13","4710088471772","573411 HIS CAFE醇熟咖啡CAN185","未分類","","410五六日","False"
"EAN13","4710110238342","305562 味味一品天香川味牛肉麵","未分類","","410五六日","False"
"EAN13","4710699401625","351337 手摘果物-紹興梅","未分類","","410五六日","False"
"EAN13","4710699501042","396850 手摘果物仙楂果","未分類","","410五六日","False"
"EAN13","4711046152092","731239 UD抗菌濃縮洗衣精1.2kg（室晾）","未分類","","410五六日","False"
"EAN13","4711438370271","577727 手摘果物 遇見梅桃","未分類","","410五六日","False"
"EAN13","4711554681763","666060 UD涼感濕巾30抽","未分類","","410五六日","False"
"EAN13","4901411099194","668613 KIRIN冰結STRONG華麗巨峰葡萄500","未分類","","410五六日","False"
"EAN13","4909411077457","430604 KIRIN午後紅茶-無糖紅茶PET500","未分類","","410五六日","False"
"EAN13","5415150352216","710407 比利時Belmio極濃義式咖啡膠囊","未分類","","410五六日","False"
"EAN13","5415150353114","710405 比利時Belmio焦糖風味咖啡膠囊","未分類","","410五六日","False"
"EAN13","5415150353619","710402 比利時Belmio烤榛果味咖啡膠囊","未分類","","410五六日","False"
"EAN13","5415150354418","710408 Belmio愛爾蘭之夢咖啡膠囊","未分類","","410五六日","False"
"EAN13","8002650007738","672050 義大利SA咖啡膠囊-深焙咖啡","未分類","","410五六日","False"
"EAN13","8002650007752","578995 義大利SA咖啡膠囊-特選中焙","未分類","","410五六日","False"
"EAN13","8002650008759","578929 義大利SA咖啡膠囊-100%阿拉比卡","未分類","","410五六日","False"
"EAN13","8002650008766","672056 義大利SA咖啡膠囊-沃魯托濃縮","未分類","","410五六日","False"
"EAN13","8801043018470","555859 農心辛拉麵（辣白醬風味）137g","未分類","","410五六日","False"
"EAN13","8801043046138","715905 農心辛炒麵辛辣白菜味（包）","未分類","","410五六日","False"
"EAN13","8801045570082","353181 不倒翁金拉麵辛辣杯麵","未分類","","410五六日","False"
"EAN13","8858223028286","549690 Sweetory迷你脆脆條-椒鹽","未分類","","410五六日","False"
"EAN13","8859745300454","345306 Kid-O厚餡夾心酥（奶油風味）","未分類","","410五六日","False"
"EAN13","9300682036986","898950 麥提莎麥芽脆心黑巧克力37g","未分類","","410五六日","False"
"EAN13","9310161020351","691023 澳洲Bulla特濃雙層巧克力雪糕","未分類","","410五六日","False"
"EAN8","25940794","594079 新UNIDESIGN新柔感抽衛","未分類","","410五六日","False"
"EAN8","93682268","186256 麥提莎巧克力","未分類","","410五六日","False"
"I24","592727","592727  統一麵包海苔肉鬆堡","鮮食","","","False"
"EAN8","27495988","749598麻辣鍋貼","未分類","","","False"
"UPCA","03400025010","648782 Reeses花生醬焦糖夾餡牛奶巧克力","未分類","","","False"
"EAN8","25761344","576134 6mm PLA一般細吸管","！門市用品","","","True"
"EAN8","25768527","576852 大亨堡專用L型紙袋500入","！門市用品","","","True"
"EAN8","25771367","577136 現蒸地瓜專用袋200個","！門市用品","","","True"
"EAN8","25778151","577815 芋圓","！門市用品","","","True"
"EAN8","25803235","580323 大捲筒衛主紙（12A）","！門市用品","","","True"
"EAN8","25803822","580382 擦手紙（20入）","！門市用品","","","True"
"EAN8","25803860","580386 萬用紙巾（30入）","！門市用品","","","True"
"EAN8","25816372","581637 青梅糖漿","！門市用品","","","True"
"EAN8","25933451","593345 EVERSYS咖啡藥球","！門市用品","","","True"
"EAN8","25854862","585486 果糖*20","！門市用品","","","True"
"EAN8","25978759","597875 精品專用試飲杯","！門市用品","","","True"
"EAN8","26034768","603476 滷味開鍋包12入","！門市用品","","","True"
"EAN8","26034539","603453 滷味補充包24入","！門市用品","","","True"
"EAN8","26065793","606579 交貨便120公分箱$25","！門市用品","","","True"
"EAN8","26126401","612640 芋泥","！門市用品","","","True"
"EAN8","26171524","617152 燕麥奶","！門市用品","","","True"
"EAN8","26227542","622754 黑糖珍珠","！門市用品","","","True"
"EAN8","26325156","632515 i珍食貼紙8折","！門市用品","","","True"
"EAN8","26435886","643588 藍色魔布2入","！門市用品","","","True"
"EAN8","26457345","645734 紅茶茶葉","！門市用品","","","True"
"EAN8","26633770","663377 咖啡豆密封棒（4A）","！門市用品","","","True"
"EAN8","26696447","669644 原無值回收垃圾袋30入","！門市用品","","","True"
"EAN8","26754352","675435 原黒色垃圾袋30入","！門市用品","","","True"
"EAN8","26757193","675719 經濟交貨便傳用袋$3","！門市用品","","","True"
"EAN8","26817965","681796 冰淇淋","！門市用品","","","True"
"EAN8","26943749","694374 香草焦糖風味瑪奇朵糖漿","City’s","","","True"
"EAN8","26944944","694494 黃金榛果太妃風味糖漿","City’s","","","True"
"EAN8","26966984","696698 焙烤榛果風拿鐵糖漿","City’s","","","True"
"EAN8","26968667","696866 交貨便IBON貼紙捲（北）","！門市用品","","","True"
"EAN8","26966991","696699 太妃焦糖風味瑪奇朵糖漿","City’s","","","True"
"EAN8","26974392","697439 皇家伯爵紅茶粉包（冷熱共用）","City’s","","","True"
"EAN8","26999234","699923 郵局便利袋1號包","！門市用品","","","True"
"EAN8","26999456","699945 郵局便利袋2號包","！門市用品","","","True"
"EAN8","27095010","709501 105 經濟宅急便外箱","！門市用品","","","True"
"EAN8","27036778","703677 交貨便IBON貼紙捲（南）","！門市用品","","","True"
"EAN8","27116241","711624 養樂多吸管100支","！門市用品","","","True"
"EAN8","27159842","715984 芥茉醬","！門市用品","","","True"
"EAN8","27159972","715997 酸黃瓜醬","！門市用品","","","True"
"EAN8","27165744","716574 鮮食試吃杯","！門市用品","","","True"
"EAN8","27297681","729768 贅澤八女抹茶拿鐵粉包（冷熱共用）","City’s","","","True"
"EAN8","27418536","741853 包子品名貼纸","！門市用品","","","True"
"EAN8","27420294","742029 廁所清潔表","！門市用品","","","True"
"EAN8","27427576","742757 低溫警告標示牌","！門市用品","","","True"
"EAN8","27427736","742773 7-ELEVEn LOGO靜貼","！門市用品","","","True"
"I35","27495254","749525 晶英-麻辣奶油鮮蝦義大利麵","未分類","","","True"
"I35","27497036","749703 星級饗宴晶英三杯蛤蜊飯糰","未分類","","","True"
"EAN8","27749234","774923 試吃竹籤（60支）","！門市用品","","","True"
"EAN8","27840344","784034 單杯青茶茶葉","！門市用品","","","True"
"EAN8","28056928","805692 廁所專用垃圾桶35L","！門市用品","","","True"
"EAN8","28079828","807982 廁所專用垃圾袋50入","！門市用品","","","True"
"EAN8","28079842","807984 10mm可分解耐熱吸管 *100支粗吸管","！門市用品","","","True"
"EAN8","28164883","816488 廁所專用垃圾桶46L","！門市用品","","","True"
"EAN8","28222736","822273 櫃台粉红色垃圾袋","！門市用品","","","True"
"EAN8","28304814","830481 所長茶葉蛋專用袋","！門市用品","","","True"
"EAN8","28428534","842853 折疊式禮盒架金布","！門市用品","","","True"
"EAN8","28805687","880568 4X6貼紙專用紙","！門市用品","","","True"
"EAN8","28813736","881373 LED緊急出口燈","！門市用品","","","True"
"EAN8","28815068","881506 抽取式自用衛生紙","！門市用品","","","True"
"EAN8","28816584","881658 黃色價格卡一包20張","！門市用品","","","True"
"EAN8","28815358","881535 藍色垃圾袋50入","！門市用品","","","True"
"EAN8","28816904","881690 茶葉蛋墊高架","！門市用品","","","True"
"EAN8","28817840","881784 地滑警示牌","！門市用品","","","True"
"EAN8","28824114","882411 叉子100入（減塑）","！門市用品","","","True"
"EAN8","28829898","882989 咖啡試飲杯（咖啡標）","！門市用品","","","True"
"EAN8","28844327","884432 次氯酸水抗菌液5L （定貨品號有分區域）","！門市用品","","","True"
"EAN8","28887126","888712 S60冷凍專用箱（小）$12","！門市用品","","","True"
"EAN8","28889175","888917 S90冷凍專用箱（大）$20","！門市用品","","","True"
"EAN8","29164295","916429 精品咖啡櫥窗掛軸","！門市用品","","","True"
"EAN8","29737888","973788 味味A排骨雞風味乾麵（包）","未分類","","","True"
"EAN8","29800490","980049 公賣局空箱","！門市用品","","","True"
"EAN8","29906314","990631 預購單","！門市用品","","","True"
"EAN13","4718201210550","379954 易口舒脆皮軟心薄荷糖-勁爽薄荷","糖果","20260817","逼近品","True"
"UPCA","031146157396","982018 農心安城拉麵（包）","泡麵","","","False"
"EAN13","031146157396","982018 農心安城拉麵（包）","未分類","","","False"
"EAN13","031146157396","982018 農心安城拉麵（包）","泡麵","","","False"
"I35","27557112","755711 鮮蝦翻轉沙拉","未分類","","20260401_愚人節","False"
"I35","27562185","756218 這不是滷肉飯（滷肉米型麵）","未分類","","20260401_愚人節","False"
"I35","27568767","756876 盲盒海苔魚卵龍蝦風味沙拉","未分類","","20260401_愚人節","False"
"I35","27570555","757055 翻轉肉鬆飯糰","未分類","","20260401_愚人節","False"
"I24","27556788","755678 這不是菠蘿麵包（奶油餅乾）","未分類","","20260401_愚人節","False"
"I24","27558140","755814 這不是抹茶鬆餅（芥末風味）","未分類","","20260401_愚人節","False"
"EAN13","4710022077640","749241 可樂果濃厚臭豆腐口味","未分類","","20260401_愚人節","False"
"EAN13","4710088824820","757505 統一布丁（焦糖出走咘布）100g","未分類","","20260401_愚人節","False"
"EAN13","4710174126401","758098 三色豆風味巧克酥","未分類","","20260401_愚人節","False"
"EAN13","4710199115800","751455 一度贊香菜牛肉麵","未分類","","20260401_愚人節","False"
"EAN13","4710250203804","757907 杜老爺甜筒-花生香菜冰淇淋","未分類","","20260401_愚人節","False"
"EAN13","8809719730954","757400 韓國拉麵造型杯冰-焦糖風味","未分類","","20260401_愚人節","False"
"I35","27311486","731148","未分類","","","False"
"EAN13","4710043054408","603486 福樂Q果優酪雪糕芒果芝芝","未分類","","","False"
"EAN13","4710339007828","628899 福樂Q果草莓覆盆莓優酪","未分類","","327五六日","False"
"EAN13","4710339007873","691880 福樂Q果藍莓覆盆莓優果昔210ML","未分類","","","False"
"EAN13","4710339006784","581185 福樂燕麥草莓優酪150g","未分類","","327五六日","True"
"EAN13","4710339007606","388606 福樂Q果葡萄奇異果優酪135G","未分類","","327五六日","True"
"EAN13","8935084104295","714166 越南HIS&HERS香菜腰果","未分類","","","False"
"EAN13","4012922833679","392549哈維士雪茄黃10支裝","未分類","","","False"
"EAN13","4012922833716","392371哈維士雪茄紅10支裝","未分類","","","False"
"EAN13","4012922850294","392362燭光原味雪茄","未分類","","","False"
"EAN13","4012922850379","392527 哈維士雪茄白10支裝","未分類","","","False"
"EAN13","4030600166161","527738 大衛杜夫醇萃（醇纖1mg）20支","未分類","","","False"
"EAN13","4030600166208","527745大衛杜夫醇萃（醇纖4mg）20支","未分類","","","False"
"EAN13","4030600178089","403379威仕25-藍25支","未分類","","","False"
"EAN13","4030600190173","402486 纖白大衛杜夫香煙","未分類","","","False"
"EAN13","4030600190265","402130 纖藍大衛杜夫香菸","未分類","","","False"
"EAN13","4030600190357","398843大衛杜夫醇萃香煙20支","未分類","","","False"
"EAN13","4030600190388","404126 大衛杜夫醇萃香煙勁黑","未分類","","","False"
"EAN13","4030600206874","440266大衛杜夫醇萃香煙淺棕20支","未分類","","","False"
"EAN13","4030600223406","562176 大衛杜夫醇萃香煙（醇白）20支","未分類","","","False"
"EAN13","4030600235713","630600 威仕25-紅25支","未分類","","","False"
"EAN13","4030600241462","656682 寶仕20-藍20支","未分類","","","False"
"EAN13","4030600337202","478389大衛杜夫醇萃（醇纖5mg）20支","未分類","","","False"
"EAN13","4030600338162","556636 大衛杜夫香煙（D調系列10毫克）","未分類","","","False"
"EAN13","4030600338193","556868大衛杜夫香煙（D調系列7毫克）","未分類","","","False"
"EAN13","4030600338223","556598 大衛杜夫香煙（D調系列5毫克）","未分類","","","False"
"EAN13","4033100022654","399559七星酷黑20支","未分類","","","False"
"EAN13","4033100022685","399542七星酷藍20支","未分類","","","False"
"EAN13","4033100034237","399552 七星酷銀20支","未分類","","","False"
"EAN13","4033100051623","399507 雲絲頓紫旋風20支","未分類","","","False"
"EAN13","4033100068447","398265 樂迪25-紅25支","未分類","","","False"
"EAN13","4033100068478","398263 樂迪25-藍25支","未分類","","","False"
"EAN13","4033100076534","396065七星香菸24支","未分類","","","False"
"EAN13","4033100076565","396007七星天藍香菸24支","未分類","","","False"
"EAN13","4033100095283","395643 樂迪23 紫薄荷23支","未分類","","","False"
"EAN13","4069400740110","402858威力格香草小雪茄","未分類","","","False"
"EAN13","4711588010249","639389 馬爾斯沁黎雙晶球超細支菸","未分類","","","False"
"EAN13","4711588170103","393925 新樂園10號香菸","未分類","","","False"
"EAN13","4711588170202","398068 長壽黃硬盒菸","未分類","","","False"
"EAN13","4711588170509","393873長壽白軟包菸","未分類","","","False"
"EAN13","4711588170608","398120 尊爵白金G10","未分類","","","False"
"EAN13","4711588170707","395749 馬爾斯M9","未分類","","","False"
"EAN13","4711588170806","393872 尊爵G7","未分類","","","False"
"EAN13","4711588170905","398289 尊爵G3","未分類","","","False"
"EAN13","4711588171100","395082長壽白軟包7毫克菸","未分類","","","False"
"EAN13","4711588171209","398128 尊爵白金G6","未分類","","","False"
"EAN13","4711588171308","393868 尊爵G1","未分類","","","False"
"EAN13","4711588171407","394886 尊爵白金Gl國際包","未分類","","","False"
"EAN13","4711588171506","396561 尊爵白金纖細GS","未分類","","","False"
"EAN13","4711588171704","393927 新樂園7號香菸","未分類","","","False"
"EAN13","4711588171803","393881 新樂園5號香菸","未分類","","","False"
"EAN13","4711588172008","398290 尊爵G2","未分類","","","False"
"EAN13","4711588172107","393869 新樂園1號香菸","未分類","","","False"
"EAN13","4711588172305","391477 馬爾斯長支5毫克菸","未分類","","","False"
"EAN13","4711588172404","396553 馬爾斯長支2毫克菸","未分類","","","False"
"EAN13","4711588172503","395753 尊爵G5","未分類","","","False"
"EAN13","4711588172701","395085維斯塔5毫克","未分類","","","False"
"EAN13","4711588172800","396547 馬爾斯綠星球菸","未分類","","","False"
"EAN13","4711588173401","639386 馬爾斯M6","未分類","","","False"
"EAN13","4711588178307","397974 LaRose玫瑰冰心涼菸","未分類","","","False"
"EAN13","4711588180805","611229 金絲頓8毫克菸","未分類","","","False"
"EAN13","4711588701901","660990 馬爾斯長支23M8","未分類","","","False"
"EAN13","4711588702403","702408 馬爾斯水星球菸","未分類","","","False"
"EAN13","4711928520865","660754 倫敦登喜路極光雙晶球","未分類","","","False"
"EAN13","4711928521206","553369 皇家寶馬香菸7號-25支","未分類","","","False"
"EAN13","4711928521220","610281 皇家寶馬香菸10號-25支","未分類","","","False"
"EAN13","4711928521619","577526日本肯特SSSpark晶球涼菸5號","未分類","","","False"
"EAN13","4711928522340","405433（小）日本肯特長支香菸6號","未分類","","","False"
"EAN13","4711928522357","405617日本肯特SS1號","未分類","","","False"
"EAN13","4711928523088","405437日本肯特SSSpark晶球涼菸1號","未分類","","","False"
"EAN13","4711928523316","399432 鴻運雙晶球薄荷香菸-紫X綠","未分類","","","False"
"EAN13","4711928523736","396232鴻運香菸-Lucky7號","未分類","","","False"
"EAN13","4711928523965","408612倫敦登喜路SL白1毫克","未分類","","","False"
"EAN13","4711928523989","406573 倫敦登喜路SL金4毫克","未分類","","","False"
"EAN13","4711928524443","403081 五五五香菸10毫克","未分類","","","False"
"EAN13","4711928524481","398333 風格纖細薄荷香菸","未分類","","","False"
"EAN13","4711928524566","400431 倫敦登喜路隨選Switch香菸3號","未分類","","","False"
"EAN13","4711928525402","985755 倫敦登喜路香菸3毫克","未分類","","","False"
"EAN13","4711928525525","514999 倫敦登喜路濃縮香菸1毫克","未分類","","","False"
"EAN13","4711928525556","515118 倫敦登喜路精裁藍隨選晶球","未分類","","","False"
"EAN13","4711928525600","399056 倫敦登喜路精裁7毫克香菸","未分類","","","False"
"EAN13","4711928525648","399027 倫敦登喜路精裁4毫克香菸","未分類","","","False"
"EAN13","4711928525662","402123 倫敦登喜路精裁1毫克香菸","未分類","","","False"
"EAN13","4711928526386","408610 倫敦登喜路SL藍7毫克","未分類","","","False"
"EAN13","4711928526546","408609倫敦登喜路SL紅10毫克","未分類","","","False"
"EAN13","4711928527093","985762 倫敦登喜路香菸10毫克","未分類","","","False"
"EAN13","4711928527635","285757 倫敦登喜路香菸6毫克","未分類","","","False"
"EAN13","4711928529875","399497 皇家寶馬薄荷晶球香菸5號","未分類","","","False"
"EAN13","4713268580059","399493 樂迪25香白4毫克25支","未分類","","","False"
"EAN13","4713268580356","411838 雲絲頓天香5毫克20支","未分類","","","False"
"EAN13","4713268580950","406535 和平9毫克","未分類","","","False"
"EAN13","4713268580974","406533 和平6毫克","未分類","","","False"
"EAN13","4713268581230","599437 峰味萃晶球工藝香菸7毫克20支","未分類","","","False"
"EAN13","4713268581292","545258 七星雙味晶球細長支5毫克20支","未分類","","","False"
"EAN13","4713268581995","612879 佳士達晶球二二拍 22支","未分類","","","False"
"EAN13","4713268582015","603138 佳士達3毫克20支","未分類","","","False"
"EAN13","4713268582114","652109 樂迪25 香白1毫克25支","未分類","","","False"
"EAN13","4713268582176","710645 雲絲頓天香3毫克20支","未分類","","","False"
"EAN13","4713268582374","717081 黑七星4毫克20支","未分類","","","False"
"EAN13","4713268582473","765368 佳士達晶球二二拍6毫克22支","未分類","","","False"
"EAN13","4713268582497","750698 七星實驗室M5呱綠色晶球20支","未分類","","","False"
"EAN13","4713268582589","823468樂迪25香白8毫克25支","未分類","","","False"
"EAN13","4713268582633","808209 佳士達1毫克20支","未分類","","","False"
"EAN13","4713268582657","832543 雲絲頓25-紅25支","未分類","","","False"
"EAN13","4713268582671","832449 雲絲頓25-藍25支","未分類","","","False"
"EAN13","4713268582695","841137 和平3毫克20支","未分類","","","False"
"EAN13","4713268582718","880988 金峰 20支","未分類","","","False"
"EAN13","4713268582794","343896 雲絲頓天香7毫克","未分類","","","False"
"EAN13","4713268582817","896075 雲絲頓天香1毫克 20支","未分類","","","False"
"EAN13","4713268582831","912698 七星風藍香菸24支","未分類","","","False"
"EAN13","4713268582916","381049和平金長支7毫克20支","未分類","","","False"
"EAN13","4713268582930","381047 和平銀長支4毫克20支","未分類","","","False"
"EAN13","4713268582992","980130 雲絲頓呱旋風6毫克22支","未分類","","","False"
"EAN13","4713268583098","365326 七星國際7毫克20支","未分類","","","False"
"EAN13","4713268584118","315251 雲摩爾XS25紅","未分類","","","False"
"EAN13","4713268584132","315907 雲摩爾XS 25藍","未分類","","","False"
"EAN13","4713268584408","619398 黑七星冰薄荷5毫克","未分類","","","False"
"EAN13","4713268584446","727577 駱駝奶白工藝香菸5毫克","未分類","","","False"
"EAN13","4713268584460","727581 駱駝綠工藝晶球香菸5毫克","未分類","","","False"
"EAN13","4902210200804","398029 七星天藍硬盒","未分類","","","False"
"EAN13","4902210202402","399525 七星風藍硬盒","未分類","","","False"
"EAN13","4902210222301","397321 七星LSS清藍3毫克","未分類","","","False"
"EAN13","4902210222509","395407 七星特仕香煙","未分類","","","False"
"EAN13","4902210222707","399649 七星特仕天藍","未分類","","","False"
"EAN13","4902210223209","399539 峰黑20支","未分類","","","False"
"EAN13","4902210231402","399601 七星冰晶長支1毫克20支","未分類","","","False"
"EAN13","4902210247502","399588 佳士達7毫克","未分類","","","False"
"EAN13","4902210332901","406587 黑七星10毫克20支","未分類","","","False"
"EAN13","4902210333205","406647 黑七星7毫克20支","未分類","","","False"
"EAN13","7460402100150","398985黑船長原味小雪茄","未分類","","","False"
"EAN13","7610083215197","402768威力格7號雪茄","未分類","","","False"
"EAN13","8710151606304","392396 黑惡魔香菸","未分類","","","False"
"EAN13","8801116000227","681870叡頌YoGo香菸20支","未分類","","","False"
"EAN13","8801116003907","398243寶亨Mojito香菸","未分類","","","False"
"EAN13","8801116006199","398092愛喜藍晶靈香菸4毫克","未分類","","","False"
"EAN13","8801116006441","398096 愛喜薄荷晶球香菸5毫克","未分類","","","False"
"EAN13","8801116007981","410708 寶亨法藍絲晶球香菸","未分類","","","False"
"EAN13","8801116008797","398095 寶亨3號香菸","未分類","","","False"
"EAN13","8801116008858","398148寶亨9號mojito雙晶球香菸","未分類","","","False"
"EAN13","8801116008872","398255寶亨1號香菸","未分類","","","False"
"EAN13","8801116008896","398133愛喜香煙4毫克","未分類","","","False"
"EAN13","8801116008919","398124 寶亨6號香菸","未分類","","","False"
"EAN13","8801116008957","609536 小寶亨BlueLabel6號20支","未分類","","","False"
"EAN13","8801116008971","398156 寶亨Mojito1號晶球香菸","未分類","","","False"
"EAN13","8801116008995","398258（小）愛喜紫晶靈香菸1毫克","未分類","","","False"
"EAN13","8801116017584","773175小寶亨BlueLabel 1號20支","未分類","","","False"
"EAN13","8801116019205","943985寶亨大地紅20支","未分類","","","False"
"EAN13","8801116031566","539298 寶亨黃SAWA香菸20支","未分類","","","False"
"EAN13","8801116031580","398918 寶亨綠SAWA香菸","未分類","","","False"
"EAN13","8801116048335","585439 寶亨紫SAWA香菸","未分類","","","False"
"EAN13","8801116053667","648239寶亨金SAWA香菸","未分類","","","False"
"EAN13","8801116057511","686829寶亨CLASICO棕7","未分類","","","False"
"EAN13","8801116060870","716539（小）寶亨紳選-格藍","未分類","","","False"
"EAN13","8801116061242","727439 寶亨午後5毫克","未分類","","","False"
"EAN13","8801116063857","746139 愛喜雙紫1毫克","未分類","","","False"
"EAN13","8801116064052","727531 伊歐尼紫色1號","未分類","","","False"
"EAN8","01232630","399546 七星冰晶長支6毫克20支","未分類","","","False"
"EAN8","01235637","399490 雲摩爾XS長支-藍20支","未分類","","","False"
"EAN8","40329109","399636 雲摩爾XS香菸-藍20支","未分類","","","False"
"EAN8","40329598","398034 雲絲頓香菸-銀","未分類","","","False"
"EAN8","40329901","398259 雲摩爾XS香菸-紅20支","未分類","","","False"
"EAN8","40331485","398222 雲摩爾XS1毫克20支","未分類","","","False"
"EAN8","40331683","398202 雲摩爾XS香菸-銀20支","未分類","","","False"
"EAN8","40331928","398038 雲絲頓1毫克","未分類","","","False"
"EAN8","42137009","399487 雲摩爾XS長支-紅20支","未分類","","","False"
"EAN8","45108167","398218 七星雙味晶球5毫克","未分類","","","False"
"EAN8","45113642","395464七星雙味晶球","未分類","","","False"
"EAN8","47117211","398180 維珍妮冰珠20支薄荷香菸","未分類","","","False"
"EAN8","47117334","557170 大樂邁綠25支薄荷香菸","未分類","","","False"
"EAN8","47117341","400608 大樂邁藍25支香菸","未分類","","","False"
"EAN8","47117358","400628 大樂邁紅25支香菸","未分類","","","False"
"EAN8","47117419","398121 萬寶路20支香菸","未分類","","","False"
"EAN8","47117433","400612 萬寶路金20支香菸","未分類","","","False"
"EAN8","47117488","398982 萬寶路金工藝CRAFTED20支香菸","未分類","","","False"
"EAN8","47117501","399478 百樂門20支香菸","未分類","","","False"
"EAN8","47117518","398102 百樂門湛藍20支香菸","未分類","","","False"
"EAN8","47117778","590467 大樂邁銀25支香菸","未分類","","","False"
"EAN8","47118317","703415 七星加熱菸棕銅20支","未分類","","","False"
"EAN8","47118324","703417七星加熱菸安珀20支","未分類","","","False"
"EAN8","47118331","703409七星加熱菸海藍20支","未分類","","","False"
"EAN8","47118348","703422 七星加熱菸天青20支","未分類","","","False"
"EAN8","47118355","703429 七星加熱菸炫晶20支","未分類","","","False"
"EAN8","47118362","703490七星加熱菸極紫20支","未分類","","","False"
"EAN8","47151215","186764 雙效香煙濾嘴","未分類","","","False"
"EAN8","49400175","399515 峰香煙硬盒","未分類","","","False"
"EAN8","49400311","399548 峰白金20支","未分類","","","False"
"EAN8","49400403","395403七星軟包20支","未分類","","","False"
"EAN8","49400762","399648七星天藍軟包","未分類","","","False"
"EAN8","49401042","395439七星國際包","未分類","","","False"
"EAN8","49401196","399653七星硬盒20支","未分類","","","False"
"EAN8","49401226","395556 七星1毫克硬盒","未分類","","","False"
"EAN8","49401523","399565 佳士達 5毫克","未分類","","","False"
"EAN8","59076360","403369 純白大衛杜夫香煙","未分類","","","False"
"EAN8","59076377","403368 至尊大衛杜夫香煙（金）","未分類","","","False"
"EAN8","59076384","398851 金裝大衛杜夫香煙","未分類","","","False"
"EAN8","59076391","402128大衛杜夫香煙黑","未分類","","","False"
"EAN8","59076407","403348天藍大衛杜夫香煙","未分類","","","False"
"EAN8","59076421","402489 纖秀大衛杜夫香煙","未分類","","","False"
"UPCA","025900219680","688759鬥牛超細原味雪茄","未分類","","","False"
"EAN13","4514062222813","575224 味覺糖e-ma葡萄風味珍珠喉糖","未分類","","20260401_春遊","False"
"EAN13","4514062257334","678657 味覺糖e-ma綜合水果風味喉糖","未分類","","20260401_春遊","False"
"EAN13","4710088832450","726445 小時光麵館辛辣香菇風味（包）","未分類","","20260401_春遊","False"
"EAN13","4710209997518","608208 葡萄王超能7益菌（90入）","未分類","","20260401_春遊","False"
"EAN13","4710626195610","380739 愛之味麥仔茶PET590","未分類","","20260401_春遊","False"
"EAN13","4711126605197","970543 HM-香烤零食-蜜汁雞里肌100g","未分類","","20260401_春遊","False"
"EAN13","4714686008132","835120 偉嘉貓食濕糧海陸饗宴餐185g","未分類","","20260401_春遊","False"
"EAN13","4714686008149","835114 偉嘉貓食濕糧海洋鮮魚餐185g","未分類","","20260401_春遊","False"
"EAN13","4901777211742","382412 微醉雞尾酒-葡萄沙瓦","未分類","","20260401_春遊","False"
"EAN13","4962656157513","792374 沖繩 Orion奧利恩生啤酒500cc罐","未分類","","20260401_春遊","False"
"EAN13","4962656191319","314075 沖繩Orion奧利恩零糖質啤酒","未分類","","20260401_春遊","False"
"EAN13","6915878220938","752296 可樂娜啤酒330ML瓶","未分類","","20260401_春遊","False"
"EAN13","7610046000303","694639 瑞士Kagi黑巧克力風味威化餅乾","未分類","","20260401_春遊","False"
"EAN13","9334214024974","613412 Sheba鮮饌包鮪魚（魚凍）70g","未分類","","20260401_春遊","False"
"EAN13","9334214025025","613327 Sheba鮮饌包鮪魚及鯛魚（魚凍）70g","未分類","","20260401_春遊","False"
"EAN13","9414882439758","652438 紐西蘭ETA波浪洋芋片酸奶洋蔥","未分類","","20260401_春遊","False"
"EAN13","9414882439789","652456 紐西蘭ETA波浪厚切洋芋片-鹽味","未分類","","20260401_春遊","False"
"EAN13","9414882462411","721440 紐西蘭ETA波浪洋芋片酸黃瓜","未分類","","20260401_春遊","False"
"EAN8","40331911","398037 雲絲頓香菸-紅","未分類","","","True"
"EAN8","24770699","477069 進貨用-媽祖庇佑隨取卡2026","未分類","","","False"
"EAN8","24129282","412928（區）海之脆-小怪獸辣味烤海苔","未分類","","","False"
"I35","23547773","354777 林聰明雞肉飯飯糰","未分類","","","False"
"EAN13","8809784600152","513710 Torriden 5重分子釘護唇精華","未分類","","","False"
"EAN13","4710007682302","477114（實）福源花生醬蛋捲單支","未分類","","","False"
"EAN13","4710022055228","309912 萬歲牌蜜脆雙果隨手包","未分類","","","False"
"EAN13","4710174125022","640849 KING堅果隨手包-蔓越莓夏豆","未分類","","","False"
"EAN13","4710174125039","640847 KING堅果隨手包-櫻桃腰果","未分類","","","False"
"EAN13","4712896070864","739005（實）聖保羅糖酥可頌捲-訂1來8","未分類","","","False"
"EAN13","4712947660006","739524（實）愛荳屋-楓糖牛奶夏威夷豆塔","未分類","","","False"
"EAN13","4712947682466","484660（實）青鳥旅行原味肉鬆蛋捲單支","未分類","","","False"
"EAN13","4713575100155","412267 我的健康日記最近太操勞單日份","未分類","","","False"
"EAN13","4713575100162","412214 我的健康日記最近火氣大單日份","未分類","","","False"
"EAN13","4713575100186","387213 我的健康日記好像吃太油單日份","未分類","","","False"
"EAN13","4713575142346","652551 我的健康日記燃切酵素2入","未分類","","","False"
